,All Media Group,,,,,,,,,,,,,,,,,,,,,,,,
,Amy Lew (C.F.O / VP of Operations),,,,,,,,,,,,,,,,,,,,,,,,
,18819 Topham St,,,,,,,,,,,,,,,,,,,,,,,,
,"Tarzana, CA 91335",,,,,,,,,,,,,,,,,,,,,,,,
T,(818) 938-9026,,,,,,,,,,,,,,,,,,,,,,,,
F,(818) 855-1065,,,,,,,,,,,,,,,,,,,,,,,,
E,Gab@allmediagroup.tv,,,,,,,,,,,,,,,,,,,,,,,,
E,Amy@allmediagroup.tv,,,,,,,,,,,,,,,,,,,,,,,,
E,Nancy@allmediagroup.tv,,,,,,,,,,,,,,,,,,,,,,,,
W,http://allmediagroup.tv/,,,,,,,,,,,,,,,,,,,,,,,,
,,,,35% Royalty to AMG,,,$504.79,,,,,,,,,,,,,,,,,,
,06/01 ~ 06/30/2025,,,,,,,,,,,,,,,,,,,,,,,,
,,,,,,,,,,,,,,,,,,,,,,,,,
Vendor Name : 2_AMG – 21 Sextury,,,,,,,,,,,,,,,,,,,,,,,,,
,,,,,,,,,,,,,,,,,,,,,,,,,
Download Items,,,,,,,,,,,,,,,,,,,,,,,,,
,,,,,,,,,,,,,,,,,,,,,,,,,
,,,,,,,,,,,,,,,,,,,,,,,,,
#,Item #,Title,Studio,Qty,Unit Price,Discount,Total,,,,,,,,,,,,,,,,,,
,,,,,,,,,,,,,,,,,,,,,,,,,
,,,,,,,,,,,,,,,,,,,,,,,,,
,,,,0,$0.00 ,$0.00 ,$0.00 ,,,,,,,,,,,,,,,,,,
,,,,,,,,,,,,,,,,,,,,,,,,,
,,,,,,,,,,,,,,,,,,,,,,,,,
,,,,,,,,,,,,,,,,,,,,,,,,,
,,,,,,,,,,,,,,,,,,,,,,,,,
Streaming Items,,,,,,,,,,,,,,,,,,,,,,,,,
,,,,,,,,,,,,,,,,,,,,,,,,,
#,Item #,Title,Studio,Qty,Unit Price,Discount,Total,,,,,,,,,,,,,,,,,,
,,,,,,,,,,,,,,,,,,,,,,,,,
1,ST21S-07161_s3,My Lesbian Friends ~Scene 3,21 Sextury,1,$1.28 ,$0.00 ,$1.28 ,,,,,,,,,,,,,,,,,,
2,ST21S-0729209_s2,Their Little Secrets ~Scene 2,21 Sextury,1,$1.28 ,$0.00 ,$1.28 ,,,,,,,,,,,,,,,,,,
,,,,,,,,,,,,,,,,,,,,,,,,,
,,,,2,$2.56 ,$0.00 ,$2.56 ,,,,,,,,,,,,,,,,,,
,,,,,,,,,,,,,,,,,,,,,,,,,
,,,,,,,,,,,,,,,,,,,,,,,,,
,,,,,,,,,,,,,,,,,,,,,,,,,
,,,,,,,,,,,,,,,,,,,,,,,,,
,,,,,,,,,,,,,,,,,,,,,,,,,
Vendor Name : 2_AMG - Cx Wow,,,,,,,,,,,,,,,,,,,,,,,,,
,,,,,,,,,,,,,,,,,,,,,,,,,
Download Items,,,,,,,,,,,,,,,,,,,,,,,,,
,,,,,,,,,,,,,,,,,,,,,,,,,
#,Item #,Title,Studio,Qty,Unit Price,Discount,Total,,,,,,,,,,,,,,,,,,
,,,,,,,,,,,,,,,,,,,,,,,,,
1,DLTPOV-0925241_s4,Trans Cuties POV ~ Scene 4,TS POV,1,$4.50 ,$0.00 ,$4.50 ,,,,,,,,,,,,,,,,,,
2,DLPRX-032624_s3,Crazy Hot MILFs 2 ~ Scene 3,Pure XXX,1,$5.00 ,$0.00 ,$5.00 ,,,,,,,,,,,,,,,,,,
,,,,,,,,,,,,,,,,,,,,,,,,,
,,,,2,$9.50 ,$0.00 ,$9.50 ,,,,,,,,,,,,,,,,,,
,,,,,,,,,,,,,,,,,,,,,,,,,
,,,,,,,,,,,,,,,,,,,,,,,,,
,,,,,,,,,,,,,,,,,,,,,,,,,
,,,,,,,,,,,,,,,,,,,,,,,,,
Streaming Items,,,,,,,,,,,,,,,,,,,,,,,,,
,,,,,,,,,,,,,,,,,,,,,,,,,
#,Item #,Title,Studio,Qty,Unit Price,Discount,Total,,,,,,,,,,,,,,,,,,
,,,,,,,,,,,,,,,,,,,,,,,,,
,,,,,,,,,,,,,,,,,,,,,,,,,
,,,,0,$0.00 ,$0.00 ,$0.00 ,,,,,,,,,,,,,,,,,,
,,,,,,,,,,,,,,,,,,,,,,,,,
,,,,,,,,,,,,,,,,,,,,,,,,,
,,,,,,,,,,,,,,,,,,,,,,,,,
,,,,,,,,,,,,,,,,,,,,,,,,,
,,,,,,,,,,,,,,,,,,,,,,,,,
Vendor Name : 2_AMG - DDF,,,,,,,,,,,,,,,,,,,,,,,,,
,,,,,,,,,,,,,,,,,,,,,,,,,
Download Items,,,,,,,,,,,,,,,,,,,,,,,,,
,,,,,,,,,,,,,,,,,,,,,,,,,
#,Item #,Title,Studio,Qty,Unit Price,Discount,Total,,,,,,,,,,,,,,,,,,
,,,,,,,,,,,,,,,,,,,,,,,,,
1,DLDDFH-0310234_s2,Tempting Teens ~ Scene 2,DDF Hardcore,1,$4.50 ,$0.00 ,$4.50 ,,,,,,,,,,,,,,,,,,
2,DLDDFH-0310238_s1,French Nymphos Of Porn ~ Scene 1,DDF Hardcore,1,$4.50 ,$0.00 ,$4.50 ,,,,,,,,,,,,,,,,,,
3,DLDDFH-0310238_s2,French Nymphos Of Porn ~ Scene 2,DDF Hardcore,1,$4.50 ,$0.00 ,$4.50 ,,,,,,,,,,,,,,,,,,
,,,,,,,,,,,,,,,,,,,,,,,,,
,,,,3,$13.50 ,$0.00 ,$13.50 ,,,,,,,,,,,,,,,,,,
,,,,,,,,,,,,,,,,,,,,,,,,,
,,,,,,,,,,,,,,,,,,,,,,,,,
,,,,,,,,,,,,,,,,,,,,,,,,,
,,,,,,,,,,,,,,,,,,,,,,,,,
Streaming Items,,,,,,,,,,,,,,,,,,,,,,,,,
,,,,,,,,,,,,,,,,,,,,,,,,,
#,Item #,Title,Studio,Qty,Unit Price,Discount,Total,,,,,,,,,,,,,,,,,,
,,,,,,,,,,,,,,,,,,,,,,,,,
,,,,,,,,,,,,,,,,,,,,,,,,,
,,,,0,$0.00 ,$0.00 ,$0.00 ,,,,,,,,,,,,,,,,,,
,,,,,,,,,,,,,,,,,,,,,,,,,
,,,,,,,,,,,,,,,,,,,,,,,,,
,,,,,,,,,,,,,,,,,,,,,,,,,
,,,,,,,,,,,,,,,,,,,,,,,,,
,,,,,,,,,,,,,,,,,,,,,,,,,
Vendor Name : 2_AMG - DTF Sluts,,,,,,,,,,,,,,,,,,,,,,,,,
,,,,,,,,,,,,,,,,,,,,,,,,,
Download Items,,,,,,,,,,,,,,,,,,,,,,,,,
,,,,,,,,,,,,,,,,,,,,,,,,,
#,Item #,Title,Studio,Qty,Unit Price,Discount,Total,,,,,,,,,,,,,,,,,,
,,,,,,,,,,,,,,,,,,,,,,,,,
1,DLDTFS-1130233,Dani Daniels Gets Down In The Desert,DTF Sluts,1,$6.00 ,$0.00 ,$6.00 ,,,,,,,,,,,,,,,,,,
,,,,,,,,,,,,,,,,,,,,,,,,,
,,,,1,$6.00 ,$0.00 ,$6.00 ,,,,,,,,,,,,,,,,,,
,,,,,,,,,,,,,,,,,,,,,,,,,
,,,,,,,,,,,,,,,,,,,,,,,,,
,,,,,,,,,,,,,,,,,,,,,,,,,
,,,,,,,,,,,,,,,,,,,,,,,,,
Streaming Items,,,,,,,,,,,,,,,,,,,,,,,,,
,,,,,,,,,,,,,,,,,,,,,,,,,
#,Item #,Title,Studio,Qty,Unit Price,Discount,Total,,,,,,,,,,,,,,,,,,
,,,,,,,,,,,,,,,,,,,,,,,,,
,,,,,,,,,,,,,,,,,,,,,,,,,
,,,,0,$0.00 ,$0.00 ,$0.00 ,,,,,,,,,,,,,,,,,,
,,,,,,,,,,,,,,,,,,,,,,,,,
,,,,,,,,,,,,,,,,,,,,,,,,,
,,,,,,,,,,,,,,,,,,,,,,,,,
,,,,,,,,,,,,,,,,,,,,,,,,,
,,,,,,,,,,,,,,,,,,,,,,,,,
Vendor Name : 2_AMG - Elegant Ange,,,,,,,,,,,,,,,,,,,,,,,,,
,,,,,,,,,,,,,,,,,,,,,,,,,
Download Items,,,,,,,,,,,,,,,,,,,,,,,,,
,,,,,,,,,,,,,,,,,,,,,,,,,
#,Item #,Title,Studio,Qty,Unit Price,Discount,Total,,,,,,,,,,,,,,,,,,
,,,,,,,,,,,,,,,,,,,,,,,,,
1,DLEG-60998,Up That Black Ass 6,ELEGANT ANGEL,1,$10.63 ,$0.00 ,$10.63 ,,,,,,,,,,,,,,,,,,
2,DLEG-61078,Massive Asses 5,ELEGANT ANGEL,1,$10.63 ,$0.00 ,$10.63 ,,,,,,,,,,,,,,,,,,
3,DLEG-60998,Up That Black Ass 6,ELEGANT ANGEL,1,$12.50 ,$0.00 ,$12.50 ,,,,,,,,,,,,,,,,,,
4,DLEG-61142,The Bombshells 2,ELEGANT ANGEL,1,$12.50 ,$0.00 ,$12.50 ,,,,,,,,,,,,,,,,,,
5,DLEG-61415,Internally Yours 7,ELEGANT ANGEL,1,$12.50 ,$0.00 ,$12.50 ,,,,,,,,,,,,,,,,,,
,,,,,,,,,,,,,,,,,,,,,,,,,
,,,,5,$58.76 ,$0.00 ,$58.76 ,,,,,,,,,,,,,,,,,,
,,,,,,,,,,,,,,,,,,,,,,,,,
,,,,,,,,,,,,,,,,,,,,,,,,,
,,,,,,,,,,,,,,,,,,,,,,,,,
,,,,,,,,,,,,,,,,,,,,,,,,,
Streaming Items,,,,,,,,,,,,,,,,,,,,,,,,,
,,,,,,,,,,,,,,,,,,,,,,,,,
#,Item #,Title,Studio,Qty,Unit Price,Discount,Total,,,,,,,,,,,,,,,,,,
,,,,,,,,,,,,,,,,,,,,,,,,,
1,STEG-867D,Latin Booty Worship 1,ELEGANT ANGEL,1,$3.36 ,$0.00 ,$3.36 ,,,,,,,,,,,,,,,,,,
,,,,,,,,,,,,,,,,,,,,,,,,,
,,,,1,$3.36 ,$0.00 ,$3.36 ,,,,,,,,,,,,,,,,,,
,,,,,,,,,,,,,,,,,,,,,,,,,
,,,,,,,,,,,,,,,,,,,,,,,,,
,,,,,,,,,,,,,,,,,,,,,,,,,
,,,,,,,,,,,,,,,,,,,,,,,,,
,,,,,,,,,,,,,,,,,,,,,,,,,
,,,,,,,,,,,,,,,,,,,,,,,,,
Vendor Name : 2_AMG – Good Porn,,,,,,,,,,,,,,,,,,,,,,,,,
,,,,,,,,,,,,,,,,,,,,,,,,,
Download Items,,,,,,,,,,,,,,,,,,,,,,,,,
,,,,,,,,,,,,,,,,,,,,,,,,,
#,Item #,Title,Studio,Qty,Unit Price,Discount,Total,,,,,,,,,,,,,,,,,,
,,,,,,,,,,,,,,,,,,,,,,,,,
1,DLGDP-0223241_s2,Two To Fuck ~ Scene 2,Good Porn,1,$5.00 ,$0.00 ,$5.00 ,,,,,,,,,,,,,,,,,,
2,DLGDP-0318241_s1,Ass Loving College Cuties ~ Scene 1,Good Porn,1,$5.00 ,$0.00 ,$5.00 ,,,,,,,,,,,,,,,,,,
3,DLGDP-0428251_s1,Back In The Butt ~ Scene 1,Good Porn,1,$5.00 ,$0.00 ,$5.00 ,,,,,,,,,,,,,,,,,,
4,DLGDP-0509255_s2,So Small and Tight ~ Scene 2,Good Porn,1,$5.00 ,$0.00 ,$5.00 ,,,,,,,,,,,,,,,,,,
5,DLGDP-0521251_s4,Hot Teen Threesomes ~ Scene 4,Good Porn,1,$5.00 ,$0.00 ,$5.00 ,,,,,,,,,,,,,,,,,,
6,DLGDP-0521252_s4,Lick & Fuck My Pink Pussy ~ Scene 4,Good Porn,1,$5.00 ,$0.00 ,$5.00 ,,,,,,,,,,,,,,,,,,
7,DLGDP-0521253_s2,Perfect Anal Teens ~ Scene 2,Good Porn,1,$5.00 ,$0.00 ,$5.00 ,,,,,,,,,,,,,,,,,,
8,DLGDP-0528251_s3,Threeway Delight ~ Scene 3,Good Porn,1,$5.00 ,$0.00 ,$5.00 ,,,,,,,,,,,,,,,,,,
9,DLGDP-0528254_s4,Young Blonde Chicks With Small Tits ~ Scene 4,Good Porn,1,$5.00 ,$0.00 ,$5.00 ,,,,,,,,,,,,,,,,,,
10,DLGDP-080624_s4,Big Tittied Teens ~ Scene 4,Good Porn,1,$5.00 ,$0.00 ,$5.00 ,,,,,,,,,,,,,,,,,,
11,DLGDP-0505252,Creampie Teens,Good Porn,1,$19.50 ,$0.00 ,$19.50 ,,,,,,,,,,,,,,,,,,
12,DLGDP-0521251,Hot Teen Threesomes,Good Porn,1,$19.50 ,$0.00 ,$19.50 ,,,,,,,,,,,,,,,,,,
13,DLGDP-0528251,Threeway Delight,Good Porn,1,$19.50 ,$0.00 ,$19.50 ,,,,,,,,,,,,,,,,,,
14,DLGDP-0528252,Two Girls Double Pleasures,Good Porn,1,$19.50 ,$0.00 ,$19.50 ,,,,,,,,,,,,,,,,,,
15,DLGDP-081324,Afternoon Threesome 2,Good Porn,1,$19.50 ,$0.00 ,$19.50 ,,,,,,,,,,,,,,,,,,
,,,,,,,,,,,,,,,,,,,,,,,,,
,,,,15,$147.50 ,$0.00 ,$147.50 ,,,,,,,,,,,,,,,,,,
,,,,,,,,,,,,,,,,,,,,,,,,,
,,,,,,,,,,,,,,,,,,,,,,,,,
,,,,,,,,,,,,,,,,,,,,,,,,,
,,,,,,,,,,,,,,,,,,,,,,,,,
Streaming Items,,,,,,,,,,,,,,,,,,,,,,,,,
,,,,,,,,,,,,,,,,,,,,,,,,,
#,Item #,Title,Studio,Qty,Unit Price,Discount,Total,,,,,,,,,,,,,,,,,,
,,,,,,,,,,,,,,,,,,,,,,,,,
1,STGDP-0509254_s2,Natural Beauties ~ Scene 2,Good Porn,1,$1.50 ,$0.00 ,$1.50 ,,,,,,,,,,,,,,,,,,
2,STGDP-0521251_s2,Hot Teen Threesomes ~ Scene 2,Good Porn,1,$1.50 ,$0.00 ,$1.50 ,,,,,,,,,,,,,,,,,,
3,STGDP-0528253_s4,We Need Cock ~ Scene 4,Good Porn,1,$1.50 ,$0.00 ,$1.50 ,,,,,,,,,,,,,,,,,,
,,,,,,,,,,,,,,,,,,,,,,,,,
,,,,3,$4.50 ,$0.00 ,$4.50 ,,,,,,,,,,,,,,,,,,
,,,,,,,,,,,,,,,,,,,,,,,,,
,,,,,,,,,,,,,,,,,,,,,,,,,
,,,,,,,,,,,,,,,,,,,,,,,,,
,,,,,,,,,,,,,,,,,,,,,,,,,
,,,,,,,,,,,,,,,,,,,,,,,,,
Vendor Name : 2_AMG - HPG,,,,,,,,,,,,,,,,,,,,,,,,,
,,,,,,,,,,,,,,,,,,,,,,,,,
Download Items,,,,,,,,,,,,,,,,,,,,,,,,,
,,,,,,,,,,,,,,,,,,,,,,,,,
#,Item #,Title,Studio,Qty,Unit Price,Discount,Total,,,,,,,,,,,,,,,,,,
,,,,,,,,,,,,,,,,,,,,,,,,,
1,DLHPG-0701237_s3,Oh Yes Granddad's Got A Hard-On ~ Scene 3,HPG,1,$7.00 ,$0.00 ,$7.00 ,,,,,,,,,,,,,,,,,,
2,DLHPG-1020231_s3,Arab Chicks Wide Open 24/7 ~ Scene 3,HPG,1,$7.00 ,$0.00 ,$7.00 ,,,,,,,,,,,,,,,,,,
,,,,,,,,,,,,,,,,,,,,,,,,,
,,,,2,$14.00 ,$0.00 ,$14.00 ,,,,,,,,,,,,,,,,,,
,,,,,,,,,,,,,,,,,,,,,,,,,
,,,,,,,,,,,,,,,,,,,,,,,,,
,,,,,,,,,,,,,,,,,,,,,,,,,
,,,,,,,,,,,,,,,,,,,,,,,,,
Streaming Items,,,,,,,,,,,,,,,,,,,,,,,,,
,,,,,,,,,,,,,,,,,,,,,,,,,
#,Item #,Title,Studio,Qty,Unit Price,Discount,Total,,,,,,,,,,,,,,,,,,
,,,,,,,,,,,,,,,,,,,,,,,,,
,,,,,,,,,,,,,,,,,,,,,,,,,
,,,,0,$0.00 ,$0.00 ,$0.00 ,,,,,,,,,,,,,,,,,,
,,,,,,,,,,,,,,,,,,,,,,,,,
,,,,,,,,,,,,,,,,,,,,,,,,,
,,,,,,,,,,,,,,,,,,,,,,,,,
,,,,,,,,,,,,,,,,,,,,,,,,,
,,,,,,,,,,,,,,,,,,,,,,,,,
Vendor Name : 2_AMG – JapornXXX,,,,,,,,,,,,,,,,,,,,,,,,,
,,,,,,,,,,,,,,,,,,,,,,,,,
Download Items,,,,,,,,,,,,,,,,,,,,,,,,,
,,,,,,,,,,,,,,,,,,,,,,,,,
#,Item #,Title,Studio,Qty,Unit Price,Discount,Total,,,,,,,,,,,,,,,,,,
,,,,,,,,,,,,,,,,,,,,,,,,,
1,DLJPNXXX-20240608,Meloday marks Oiran Geisha Love Story,JapornXXX,4,$12.33 ,$0.00 ,$49.32 ,,,,,,,,,,,,,,,,,,
2,DLJPNXXX-20240326,Lily Larimar Beautiful Nurse and Doctor Cure Threesome Creampie,JapornXXX,3,$14.50 ,$0.00 ,$43.50 ,,,,,,,,,,,,,,,,,,
3,DLJPNXXX-20240604,June Lovejoy Exorcists,JapornXXX,2,$12.33 ,$0.00 ,$24.66 ,,,,,,,,,,,,,,,,,,
4,DLJPNXXX-52723,High School Love Memories of Fuck and Creampie in the Classroom,JapornXXX,2,$13.50 ,$0.00 ,$27.00 ,,,,,,,,,,,,,,,,,,
5,DLJPNXXX-52823,Nami Amami Geisha Beloved Black Big Cock and Creampie,JapornXXX,2,$13.50 ,$0.00 ,$27.00 ,,,,,,,,,,,,,,,,,,
6,DLJPNXXX-61223,Melody Marks Accept the Master's Creampie to Know Love,JapornXXX,2,$11.48 ,$0.00 ,$22.96 ,,,,,,,,,,,,,,,,,,
7,DLJPNXXX-20240113,SEX CYBORG Pussy modificatin Fuck and Creampie Episode1 : Nami Amami,JapornXXX,2,$12.33 ,$0.00 ,$24.66 ,,,,,,,,,,,,,,,,,,
8,DLJPNXXX-20240307,Asa Tsukino Geisha with a Black Big Cock Fuck and Cum in mouth and swallow : Asa Tsukino,JapornXXX,1,$12.33 ,$0.00 ,$12.33 ,,,,,,,,,,,,,,,,,,
9,DLJPNXXX-20240322,"Master and guests are welcomed by maids for an orgy : Ginebra Bellucci, Nami Amami, Mio Katsuki",JapornXXX,1,$12.33 ,$0.00 ,$12.33 ,,,,,,,,,,,,,,,,,,
10,DLJPNXXX-20240326,Lily Larimar Beautiful Nurse and Doctor Cure Threesome Creampie,JapornXXX,1,$12.33 ,$0.00 ,$12.33 ,,,,,,,,,,,,,,,,,,
11,DLJPNXXX-20240408,June Lovejoy Demon Slayer,JapornXXX,1,$12.33 ,$0.00 ,$12.33 ,,,,,,,,,,,,,,,,,,
12,DLJPNXXX-20240409,SEX CYBORG Fuck and Creampie or Die : Kaede Azuma,JapornXXX,1,$12.33 ,$0.00 ,$12.33 ,,,,,,,,,,,,,,,,,,
13,DLJPNXXX-20240411,Lola Fae Double Penetration and Creampie,JapornXXX,1,$12.33 ,$0.00 ,$12.33 ,,,,,,,,,,,,,,,,,,
14,DLJPNXXX-23871,Nami Amami Oil Massage Interracial Creampie!,JapornXXX,1,$13.50 ,$0.00 ,$13.50 ,,,,,,,,,,,,,,,,,,
15,DLJPNXXX-25369,Lika Star Onsen Interracial Creampie!,JapornXXX,1,$13.50 ,$0.00 ,$13.50 ,,,,,,,,,,,,,,,,,,
16,DLJPNXXX-25901,New Face! Elika -High School Gal VS Big Black Cock Teacher Interracial Creampie!,JapornXXX,1,$13.50 ,$0.00 ,$13.50 ,,,,,,,,,,,,,,,,,,
17,DLJPNXXX-26051,Yakuza woman Naomi Togo Interracial Double Penetration!,JapornXXX,1,$13.50 ,$0.00 ,$13.50 ,,,,,,,,,,,,,,,,,,
18,DLJPNXXX-26169,Erotic Nurse Mio Shido Big Black Dick Doctor Interracial fuck and Creampie to wakeup the patient (Fu,JapornXXX,1,$13.50 ,$0.00 ,$13.50 ,,,,,,,,,,,,,,,,,,
19,DLJPNXXX-26447,Sena Miura The Perfect Soapland Creampie Service,JapornXXX,1,$13.50 ,$0.00 ,$13.50 ,,,,,,,,,,,,,,,,,,
20,DLJPNXXX-52623,Naomi Togo Josh Soap Girl Interracial Fuck Creampie,JapornXXX,1,$13.50 ,$0.00 ,$13.50 ,,,,,,,,,,,,,,,,,,
21,DLJPNXXX-60223,Soap Girl Interracial Fuck Creampie with YUZU and Pablo Ferrari,JapornXXX,1,$13.50 ,$0.00 ,$13.50 ,,,,,,,,,,,,,,,,,,
22,DLJPNXXX-61223,Melody Marks Accept the Master's Creampie to Know Love,JapornXXX,1,$13.50 ,$0.00 ,$13.50 ,,,,,,,,,,,,,,,,,,
23,DLJPNXXX-61723,Kyoko Makise Geisha GangBang Triple Creampie,JapornXXX,1,$13.50 ,$0.00 ,$13.50 ,,,,,,,,,,,,,,,,,,
24,DLJPNXXX-62823,Mio Shido Josh Soap Girl Interracial Fuck Creampie,JapornXXX,1,$13.50 ,$0.00 ,$13.50 ,,,,,,,,,,,,,,,,,,
25,DLJPNXXX-92123,Rin Sanada Love for Geisha and the First Creampie,JapornXXX,1,$13.50 ,$0.00 ,$13.50 ,,,,,,,,,,,,,,,,,,
26,DLJPNXXX-20231215,Naomi Togo Japanese Anal Geisha Creampie! : Naomi Togo,JapornXXX,1,$14.50 ,$0.00 ,$14.50 ,,,,,,,,,,,,,,,,,,
27,DLJPNXXX-20240320,Lika Star Secret study school girl and teacher Fuck and Creampie,JapornXXX,1,$14.50 ,$0.00 ,$14.50 ,,,,,,,,,,,,,,,,,,
28,DLJPNXXX-26109,Goddess in My Dreams Melody Marks Interracial Creampie!,JapornXXX,1,$11.48 ,$0.00 ,$11.48 ,,,,,,,,,,,,,,,,,,
29,DLJPNXXX-52523,Melody Marks & Kenzie Reeves The Dick Judgement- Interracial Foursome Creampie!,JapornXXX,1,$11.48 ,$0.00 ,$11.48 ,,,,,,,,,,,,,,,,,,
30,DLJPNXXX-60123,Lola Fea My dear lady teaches her butler to Anal Fuck,JapornXXX,1,$11.48 ,$0.00 ,$11.48 ,,,,,,,,,,,,,,,,,,
31,DLJPNXXX-20240404,Ashley Lane Threesome of Contract Conclusion,JapornXXX,1,$14.50 ,$0.00 ,$14.50 ,,,,,,,,,,,,,,,,,,
32,DLJPNXXX-20240408,June Lovejoy Demon Slayer,JapornXXX,1,$14.50 ,$0.00 ,$14.50 ,,,,,,,,,,,,,,,,,,
33,DLJPNXXX-20240424,Sara Otani Japanese Geisha,JapornXXX,1,$14.50 ,$0.00 ,$14.50 ,,,,,,,,,,,,,,,,,,
34,DLJPNXXX-20240429,Sena Miura Threesome and Creampie with Soapgirl,JapornXXX,1,$14.50 ,$0.00 ,$14.50 ,,,,,,,,,,,,,,,,,,
35,DLJPNXXX-20240604,June Lovejoy Exorcists,JapornXXX,1,$14.50 ,$0.00 ,$14.50 ,,,,,,,,,,,,,,,,,,
36,DLJPNXXX-20240610,Mina Asahi and Kyoko Makise Maid Threesome,JapornXXX,1,$14.50 ,$0.00 ,$14.50 ,,,,,,,,,,,,,,,,,,
,,,,,,,,,,,,,,,,,,,,,,,,,
,,,,46,$605.52 ,$0.00 ,$605.52 ,,,,,,,,,,,,,,,,,,
,,,,,,,,,,,,,,,,,,,,,,,,,
,,,,,,,,,,,,,,,,,,,,,,,,,
,,,,,,,,,,,,,,,,,,,,,,,,,
,,,,,,,,,,,,,,,,,,,,,,,,,
Streaming Items,,,,,,,,,,,,,,,,,,,,,,,,,
,,,,,,,,,,,,,,,,,,,,,,,,,
#,Item #,Title,Studio,Qty,Unit Price,Discount,Total,,,,,,,,,,,,,,,,,,
,,,,,,,,,,,,,,,,,,,,,,,,,
1,STJPNXXX-20240615,The First Take Taiwanese Actress Molena POV Blowjob,JapornXXX,1,$2.50 ,$0.00 ,$2.50 ,,,,,,,,,,,,,,,,,,
2,STJPNXXX-20240611,Mio Shido MILF SEXCYBORG,JapornXXX,1,$3.83 ,$0.00 ,$3.83 ,,,,,,,,,,,,,,,,,,
3,STJPNXXX-20231215,Naomi Togo Japanese Anal Geisha Creampie! : Naomi Togo,JapornXXX,1,$4.50 ,$0.00 ,$4.50 ,,,,,,,,,,,,,,,,,,
4,STJPNXXX-20240109,SEX CYBORG Fuck and Creampie or Die Episode1 : Mone Kamiki,JapornXXX,1,$4.50 ,$0.00 ,$4.50 ,,,,,,,,,,,,,,,,,,
5,STJPNXXX-20240307,Asa Tsukino Geisha with a Black Big Cock Fuck and Cum in mouth and swallow : Asa Tsukino,JapornXXX,1,$4.50 ,$0.00 ,$4.50 ,,,,,,,,,,,,,,,,,,
6,STJPNXXX-20240324,Lika Star SEX Cyborg The End of Love and Creampie Episode2,JapornXXX,1,$4.50 ,$0.00 ,$4.50 ,,,,,,,,,,,,,,,,,,
7,STJPNXXX-20240330,SEX CYBORG Melody Marks seeking cock to survive Episode2,JapornXXX,1,$4.50 ,$0.00 ,$4.50 ,,,,,,,,,,,,,,,,,,
8,STJPNXXX-20240424,Sara Otani Japanese Geisha,JapornXXX,1,$4.50 ,$0.00 ,$4.50 ,,,,,,,,,,,,,,,,,,
9,STJPNXXX-20240602,Haley Spades Oiran Geisha Threesome,JapornXXX,1,$4.50 ,$0.00 ,$4.50 ,,,,,,,,,,,,,,,,,,
10,STJPNXXX-20240604,June Lovejoy Exorcists,JapornXXX,1,$4.50 ,$0.00 ,$4.50 ,,,,,,,,,,,,,,,,,,
11,STJPNXXX-52123,Hazel Moore SEXCYBORG Experimental Body-10119 Fuck and Creampie,JapornXXX,1,$4.50 ,$0.00 ,$4.50 ,,,,,,,,,,,,,,,,,,
12,STJPNXXX-52223,Keira Croft SEX CYBORG Double Penetration Creampie,JapornXXX,1,$4.50 ,$0.00 ,$4.50 ,,,,,,,,,,,,,,,,,,
13,STJPNXXX-60223,Soap Girl Interracial Fuck Creampie with YUZU and Pablo Ferrari,JapornXXX,1,$4.50 ,$0.00 ,$4.50 ,,,,,,,,,,,,,,,,,,
14,STJPNXXX-60623,Hazel Moore and Mina Asahi Maids' nighttime service threesome,JapornXXX,1,$4.50 ,$0.00 ,$4.50 ,,,,,,,,,,,,,,,,,,
15,STJPNXXX-61523,Lily Larimar Naked Fallen Angel Creampie,JapornXXX,1,$4.50 ,$0.00 ,$4.50 ,,,,,,,,,,,,,,,,,,
,,,,,,,,,,,,,,,,,,,,,,,,,
,,,,15,$64.83 ,$0.00 ,$64.83 ,,,,,,,,,,,,,,,,,,
,,,,,,,,,,,,,,,,,,,,,,,,,
,,,,,,,,,,,,,,,,,,,,,,,,,
,,,,,,,,,,,,,,,,,,,,,,,,,
,,,,,,,,,,,,,,,,,,,,,,,,,
,,,,,,,,,,,,,,,,,,,,,,,,,
Vendor Name : 2_AMG - JAV1,,,,,,,,,,,,,,,,,,,,,,,,,
,,,,,,,,,,,,,,,,,,,,,,,,,
Download Items,,,,,,,,,,,,,,,,,,,,,,,,,
,,,,,,,,,,,,,,,,,,,,,,,,,
#,Item #,Title,Studio,Qty,Unit Price,Discount,Total,,,,,,,,,,,,,,,,,,
,,,,,,,,,,,,,,,,,,,,,,,,,
1,DLMRM-55376,Pure Japanese Dream,Mr. Makamoto,1,$9.50 ,$0.00 ,$9.50 ,,,,,,,,,,,,,,,,,,
2,DLNIP-72442,Group Sex In Shanghai,Nippon,1,$9.50 ,$0.00 ,$9.50 ,,,,,,,,,,,,,,,,,,
3,DLNIP-75048,Luscious Fun,Nippon,1,$9.50 ,$0.00 ,$9.50 ,,,,,,,,,,,,,,,,,,
4,DLJAV-98451,Japanese Lovers 2,JAV 1 Model,1,$13.50 ,$0.00 ,$13.50 ,,,,,,,,,,,,,,,,,,
5,DLJAV-98486,Japanease Lovers 3,JAV 1 Model,1,$13.50 ,$0.00 ,$13.50 ,,,,,,,,,,,,,,,,,,
,,,,,,,,,,,,,,,,,,,,,,,,,
,,,,5,$55.50 ,$0.00 ,$55.50 ,,,,,,,,,,,,,,,,,,
,,,,,,,,,,,,,,,,,,,,,,,,,
,,,,,,,,,,,,,,,,,,,,,,,,,
,,,,,,,,,,,,,,,,,,,,,,,,,
,,,,,,,,,,,,,,,,,,,,,,,,,
Streaming Items,,,,,,,,,,,,,,,,,,,,,,,,,
,,,,,,,,,,,,,,,,,,,,,,,,,
#,Item #,Title,Studio,Qty,Unit Price,Discount,Total,,,,,,,,,,,,,,,,,,
,,,,,,,,,,,,,,,,,,,,,,,,,
1,STJAV-98485_s3,Cravin' An Asian ~Scene 3,JAV 1 Model,1,$1.50 ,$0.00 ,$1.50 ,,,,,,,,,,,,,,,,,,
2,STJAV-98520_s2,Asian Intentions 2 ~Scene 2,JAV 1 Model,1,$1.50 ,$0.00 ,$1.50 ,,,,,,,,,,,,,,,,,,
3,STJAV-98520_s3,Asian Intentions 2 ~Scene 3,JAV 1 Model,1,$1.50 ,$0.00 ,$1.50 ,,,,,,,,,,,,,,,,,,
4,STJAV-98565_s1,Asian Sensation 2 ~Scene 1,JAV 1 Model,1,$1.50 ,$0.00 ,$1.50 ,,,,,,,,,,,,,,,,,,
5,STJAV-98611_s3,Natural Sensations ~Scene 3,JAV 1 Model,1,$1.50 ,$0.00 ,$1.50 ,,,,,,,,,,,,,,,,,,
,,,,,,,,,,,,,,,,,,,,,,,,,
,,,,5,$7.50 ,$0.00 ,$7.50 ,,,,,,,,,,,,,,,,,,
,,,,,,,,,,,,,,,,,,,,,,,,,
,,,,,,,,,,,,,,,,,,,,,,,,,
,,,,,,,,,,,,,,,,,,,,,,,,,
,,,,,,,,,,,,,,,,,,,,,,,,,
,,,,,,,,,,,,,,,,,,,,,,,,,
Vendor Name : 2_AMG - Maiko Pictur,,,,,,,,,,,,,,,,,,,,,,,,,
,,,,,,,,,,,,,,,,,,,,,,,,,
Download Items,,,,,,,,,,,,,,,,,,,,,,,,,
,,,,,,,,,,,,,,,,,,,,,,,,,
#,Item #,Title,Studio,Qty,Unit Price,Discount,Total,,,,,,,,,,,,,,,,,,
,,,,,,,,,,,,,,,,,,,,,,,,,
1,DLMAI-55105,Japanese Grannies 6,Maiko Pictures,2,$8.08 ,$0.00 ,$16.16 ,,,,,,,,,,,,,,,,,,
2,DLMAI-55072,Juicy Japanese Titties 3,Maiko Pictures,2,$8.08 ,$0.00 ,$16.16 ,,,,,,,,,,,,,,,,,,
3,DLMAI-55096,Tokyo MILFs Eating Cum 6,Maiko Pictures,1,$8.08 ,$0.00 ,$8.08 ,,,,,,,,,,,,,,,,,,
4,DLMAI-55168,MILFs of Japan 12,Maiko Pictures,1,$8.08 ,$0.00 ,$8.08 ,,,,,,,,,,,,,,,,,,
5,DLMAI-55041,Tokyo MILFs Eating Cum 4,Maiko Pictures,1,$9.50 ,$0.00 ,$9.50 ,,,,,,,,,,,,,,,,,,
6,DLMAI-55056,Perky Japanese 4,Maiko Pictures,1,$9.50 ,$0.00 ,$9.50 ,,,,,,,,,,,,,,,,,,
7,DLMAI-55064,Hairy Pussy Tokyo Cougars 4,Maiko Pictures,1,$9.50 ,$0.00 ,$9.50 ,,,,,,,,,,,,,,,,,,
8,DLMAI-55096,Tokyo MILFs Eating Cum 6,Maiko Pictures,1,$9.50 ,$0.00 ,$9.50 ,,,,,,,,,,,,,,,,,,
9,DLMAI-55162,MILFs of Japan 10,Maiko Pictures,1,$9.50 ,$0.00 ,$9.50 ,,,,,,,,,,,,,,,,,,
10,DLMAI-55214,Great Tits On Japanese MILFs 7,Maiko Pictures,1,$12.50 ,$0.00 ,$12.50 ,,,,,,,,,,,,,,,,,,
11,DLMAI-55190_s2,Great Tits On Japanese MILFs 5 ~Scene 2,Maiko Pictures,1,$2.55 ,$0.00 ,$2.55 ,,,,,,,,,,,,,,,,,,
12,DLMAI-55197_s1,Hairy Pussy Tokyo Cougars 12 ~Scene 1,Maiko Pictures,1,$2.55 ,$0.00 ,$2.55 ,,,,,,,,,,,,,,,,,,
13,DLMAI-55215_s5,Hairy Pussy Tokyo Cougars 13 ~Scene 5,Maiko Pictures,1,$2.55 ,$0.00 ,$2.55 ,,,,,,,,,,,,,,,,,,
14,DLMAI-55219_s4,Of Japan 19 ~Scene 4,Maiko Pictures,1,$2.98 ,$0.00 ,$2.98 ,,,,,,,,,,,,,,,,,,
15,DLMAI-55206_s3,MILFs of Japan 16 ~Scene 3,Maiko Pictures,1,$3.50 ,$0.00 ,$3.50 ,,,,,,,,,,,,,,,,,,
16,DLMAI-55054,Hairy Pussy Tokyo Cougars 2,Maiko Pictures,1,$8.08 ,$0.00 ,$8.08 ,,,,,,,,,,,,,,,,,,
17,DLMAI-55064,Hairy Pussy Tokyo Cougars 4,Maiko Pictures,1,$8.08 ,$0.00 ,$8.08 ,,,,,,,,,,,,,,,,,,
18,DLMAI-55070,Great Tits On Japanese MILFs,Maiko Pictures,1,$8.08 ,$0.00 ,$8.08 ,,,,,,,,,,,,,,,,,,
,,,,,,,,,,,,,,,,,,,,,,,,,
,,,,20,$146.85 ,$0.00 ,$146.85 ,,,,,,,,,,,,,,,,,,
,,,,,,,,,,,,,,,,,,,,,,,,,
,,,,,,,,,,,,,,,,,,,,,,,,,
,,,,,,,,,,,,,,,,,,,,,,,,,
,,,,,,,,,,,,,,,,,,,,,,,,,
Streaming Items,,,,,,,,,,,,,,,,,,,,,,,,,
,,,,,,,,,,,,,,,,,,,,,,,,,
#,Item #,Title,Studio,Qty,Unit Price,Discount,Total,,,,,,,,,,,,,,,,,,
,,,,,,,,,,,,,,,,,,,,,,,,,
1,STMAI-55192_s2,Great Tits On Japanese MILFs 6 ~Scene 2,Maiko Pictures,1,$1.28 ,$0.00 ,$1.28 ,,,,,,,,,,,,,,,,,,
2,STMAI-55097,Hairy Pussy Tokyo Cougars 7,Maiko Pictures,1,$2.51 ,$0.00 ,$2.51 ,,,,,,,,,,,,,,,,,,
3,STMAI-55114,Japanese Cumshots 4,Maiko Pictures,1,$2.51 ,$0.00 ,$2.51 ,,,,,,,,,,,,,,,,,,
,,,,,,,,,,,,,,,,,,,,,,,,,
,,,,3,$6.30 ,$0.00 ,$6.30 ,,,,,,,,,,,,,,,,,,
,,,,,,,,,,,,,,,,,,,,,,,,,
,,,,,,,,,,,,,,,,,,,,,,,,,
,,,,,,,,,,,,,,,,,,,,,,,,,
,,,,,,,,,,,,,,,,,,,,,,,,,
,,,,,,,,,,,,,,,,,,,,,,,,,
Vendor Name : 2_AMG – Obokozu,,,,,,,,,,,,,,,,,,,,,,,,,
,,,,,,,,,,,,,,,,,,,,,,,,,
Download Items,,,,,,,,,,,,,,,,,,,,,,,,,
,,,,,,,,,,,,,,,,,,,,,,,,,
#,Item #,Title,Studio,Qty,Unit Price,Discount,Total,,,,,,,,,,,,,,,,,,
,,,,,,,,,,,,,,,,,,,,,,,,,
1,DLODO-20240316,Ruka & Edo : Amateur WMAF Couple Having Passionate Sex - Real Couple Romance,Obokozu,1,$8.08 ,$0.00 ,$8.08 ,,,,,,,,,,,,,,,,,,
2,DLODO-20240317,Ruka & Edo : Inaugurating Our New GoPro Camera With Some Hard POV Doggystyle Fucking!,Obokozu,1,$8.08 ,$0.00 ,$8.08 ,,,,,,,,,,,,,,,,,,
3,DLODO-20240318,Ruka & Edo : So Horny In The Morning,Obokozu,1,$8.08 ,$0.00 ,$8.08 ,,,,,,,,,,,,,,,,,,
4,DLODO-20240319,Ruka & Edo : Wake up! Your beautiful Japanese wife needs some passionate sex!,Obokozu,1,$8.08 ,$0.00 ,$8.08 ,,,,,,,,,,,,,,,,,,
5,DLODO-20240320,Ruka & Edo : Yoga Wife gets Surprise Sex - Pervy Husband fucks Japanese Hotwife,Obokozu,1,$8.08 ,$0.00 ,$8.08 ,,,,,,,,,,,,,,,,,,
6,DLODO-20240402,Missed you! : Ruka & Edo,Obokozu,1,$8.08 ,$0.00 ,$8.08 ,,,,,,,,,,,,,,,,,,
7,DLODO-20240404,Riding Creampie : Ruka & Edo,Obokozu,1,$8.08 ,$0.00 ,$8.08 ,,,,,,,,,,,,,,,,,,
8,DLODO-20240408,Japanese Girlfriend Enjoys Hard Fuck With Vibrating Cock Ring : Ruka & Edo,Obokozu,1,$8.08 ,$0.00 ,$8.08 ,,,,,,,,,,,,,,,,,,
9,DLODO-20240410,No Better Time For Deepthroating And Fucking Than The Golden Hour : Ruka & Edo,Obokozu,1,$8.08 ,$0.00 ,$8.08 ,,,,,,,,,,,,,,,,,,
10,DLODO-20240412,Redhead GMO Japanese Babe Fuck!!! : Ruka & Edo,Obokozu,1,$8.08 ,$0.00 ,$8.08 ,,,,,,,,,,,,,,,,,,
11,DLODO-20240415,Loving Japanese Wife equals Perfect Valentines Day Sex! Hot Romance and Creampie! : Ruka & Edo,Obokozu,1,$8.08 ,$0.00 ,$8.08 ,,,,,,,,,,,,,,,,,,
12,DLODO-20240417,Nerdy Waifu Wants Dick! : Ruka & Edo,Obokozu,1,$8.08 ,$0.00 ,$8.08 ,,,,,,,,,,,,,,,,,,
13,DLODO-20240422,First Anal Video: Ruka & Edo,Obokozu,1,$8.08 ,$0.00 ,$8.08 ,,,,,,,,,,,,,,,,,,
14,DLODO-20240429,Fucking with the Love Hamma: Ruka & Edo,Obokozu,1,$8.08 ,$0.00 ,$8.08 ,,,,,,,,,,,,,,,,,,
15,DLODO-20240501,HALLOWEEN SPECIAL: Ruka & Edo,Obokozu,1,$8.08 ,$0.00 ,$8.08 ,,,,,,,,,,,,,,,,,,
16,DLODO-20240506,Inaugurating our new place!: Ruka & Edo,Obokozu,1,$8.08 ,$0.00 ,$8.08 ,,,,,,,,,,,,,,,,,,
17,DLODO-20240508,Intense Doggystyle x Japanese Dirty Talk: Ruka & Edo,Obokozu,1,$8.08 ,$0.00 ,$8.08 ,,,,,,,,,,,,,,,,,,
18,DLODO-20240513,Kinky Nip Shibari Fuck: Ruka & Edo,Obokozu,1,$8.08 ,$0.00 ,$8.08 ,,,,,,,,,,,,,,,,,,
19,DLODO-20240515,Perfect Japanese Wife never says no to her pervy husband! Getting fucked with her cute feet in the air!: Ruka & Edo,Obokozu,1,$8.08 ,$0.00 ,$8.08 ,,,,,,,,,,,,,,,,,,
20,DLODO-20240517,Relaxing With Some Oily Massage Session! Let's Enjoy Some Sex Babe!: Ruka & Edo,Obokozu,1,$8.08 ,$0.00 ,$8.08 ,,,,,,,,,,,,,,,,,,
21,DLODO-20240605,Amateur Japanese Caucasian Couple filming Anal clip at home! Real Amateur Anal Sex!: Ruka & Edo,Obokozu,1,$8.08 ,$0.00 ,$8.08 ,,,,,,,,,,,,,,,,,,
22,DLODO-20240607,Split cam double dick!: Ruka & Edo,Obokozu,1,$8.08 ,$0.00 ,$8.08 ,,,,,,,,,,,,,,,,,,
23,DLODO-20240611,ALL POV - Horny Japanese gf won't let me play video games unless I creampie her pussy everyday,Obokozu,1,$8.08 ,$0.00 ,$8.08 ,,,,,,,,,,,,,,,,,,
24,DLODO-20240612,Does my ass look too nerdy to fuck. Please let me bounce it on your hard dick honey!,Obokozu,1,$8.08 ,$0.00 ,$8.08 ,,,,,,,,,,,,,,,,,,
25,DLODO-20240613,FUCK ME IN THE ASS! Gorgeous Japanese Wife wants Anal Sex,Obokozu,1,$8.08 ,$0.00 ,$8.08 ,,,,,,,,,,,,,,,,,,
26,DLODO-20240614,69 Orgasm and Cowgirl!,Obokozu,1,$8.08 ,$0.00 ,$8.08 ,,,,,,,,,,,,,,,,,,
27,DLODO-20241126,Pizza delivery! But wait.. I don't have any cash,Obokozu,1,$8.08 ,$0.00 ,$8.08 ,,,,,,,,,,,,,,,,,,
28,DLODO-20241128,Quick fuck with sexy Japanese gal,Obokozu,1,$8.08 ,$0.00 ,$8.08 ,,,,,,,,,,,,,,,,,,
29,DLODO-20240319,Ruka & Edo : Wake up! Your beautiful Japanese wife needs some passionate sex!,Obokozu,1,$9.50 ,$0.00 ,$9.50 ,,,,,,,,,,,,,,,,,,
30,DLODO-20240501,HALLOWEEN SPECIAL: Ruka & Edo,Obokozu,1,$9.50 ,$0.00 ,$9.50 ,,,,,,,,,,,,,,,,,,
,,,,,,,,,,,,,,,,,,,,,,,,,
,,,,30,$245.24 ,$0.00 ,$245.24 ,,,,,,,,,,,,,,,,,,
,,,,,,,,,,,,,,,,,,,,,,,,,
,,,,,,,,,,,,,,,,,,,,,,,,,
,,,,,,,,,,,,,,,,,,,,,,,,,
,,,,,,,,,,,,,,,,,,,,,,,,,
Streaming Items,,,,,,,,,,,,,,,,,,,,,,,,,
,,,,,,,,,,,,,,,,,,,,,,,,,
#,Item #,Title,Studio,Qty,Unit Price,Discount,Total,,,,,,,,,,,,,,,,,,
,,,,,,,,,,,,,,,,,,,,,,,,,
,,,,,,,,,,,,,,,,,,,,,,,,,
,,,,0,$0.00 ,$0.00 ,$0.00 ,,,,,,,,,,,,,,,,,,
,,,,,,,,,,,,,,,,,,,,,,,,,
,,,,,,,,,,,,,,,,,,,,,,,,,
,,,,,,,,,,,,,,,,,,,,,,,,,
,,,,,,,,,,,,,,,,,,,,,,,,,
,,,,,,,,,,,,,,,,,,,,,,,,,
Vendor Name : 2_AMG - Porn Mega Lo,,,,,,,,,,,,,,,,,,,,,,,,,
,,,,,,,,,,,,,,,,,,,,,,,,,
Download Items,,,,,,,,,,,,,,,,,,,,,,,,,
,,,,,,,,,,,,,,,,,,,,,,,,,
#,Item #,Title,Studio,Qty,Unit Price,Discount,Total,,,,,,,,,,,,,,,,,,
,,,,,,,,,,,,,,,,,,,,,,,,,
1,DLPMW-578506_s3,MILFs With Ass ~ Scene 3,Porn Mega Load,1,$5.00 ,$0.00 ,$5.00 ,,,,,,,,,,,,,,,,,,
,,,,,,,,,,,,,,,,,,,,,,,,,
,,,,1,$5.00 ,$0.00 ,$5.00 ,,,,,,,,,,,,,,,,,,
,,,,,,,,,,,,,,,,,,,,,,,,,
,,,,,,,,,,,,,,,,,,,,,,,,,
,,,,,,,,,,,,,,,,,,,,,,,,,
,,,,,,,,,,,,,,,,,,,,,,,,,
Streaming Items,,,,,,,,,,,,,,,,,,,,,,,,,
,,,,,,,,,,,,,,,,,,,,,,,,,
#,Item #,Title,Studio,Qty,Unit Price,Discount,Total,,,,,,,,,,,,,,,,,,
,,,,,,,,,,,,,,,,,,,,,,,,,
,,,,,,,,,,,,,,,,,,,,,,,,,
,,,,0,$0.00 ,$0.00 ,$0.00 ,,,,,,,,,,,,,,,,,,
,,,,,,,,,,,,,,,,,,,,,,,,,
,,,,,,,,,,,,,,,,,,,,,,,,,
,,,,,,,,,,,,,,,,,,,,,,,,,
,,,,,,,,,,,,,,,,,,,,,,,,,
,,,,,,,,,,,,,,,,,,,,,,,,,
Vendor Name : 2_AMG – Private,,,,,,,,,,,,,,,,,,,,,,,,,
,,,,,,,,,,,,,,,,,,,,,,,,,
Download Items,,,,,,,,,,,,,,,,,,,,,,,,,
,,,,,,,,,,,,,,,,,,,,,,,,,
#,Item #,Title,Studio,Qty,Unit Price,Discount,Total,,,,,,,,,,,,,,,,,,
,,,,,,,,,,,,,,,,,,,,,,,,,
1,DLPV-03664_s4,Pool Party Girls ~ Scene 4,Private,1,$3.83 ,$0.00 ,$3.83 ,,,,,,,,,,,,,,,,,,
2,DLPV-0608212_s1,Teen Couples 10 ~Scene 1,Private,1,$3.83 ,$0.00 ,$3.83 ,,,,,,,,,,,,,,,,,,
3,DLPV-03905_s1,Beautifully Young 2 ~Scene 1,Private,1,$4.25 ,$0.00 ,$4.25 ,,,,,,,,,,,,,,,,,,
4,DLPV-0709213_s2,Teen Couples 11 ~Scene 2,Private,1,$4.50 ,$0.00 ,$4.50 ,,,,,,,,,,,,,,,,,,
,,,,,,,,,,,,,,,,,,,,,,,,,
,,,,4,$16.41 ,$0.00 ,$16.41 ,,,,,,,,,,,,,,,,,,
,,,,,,,,,,,,,,,,,,,,,,,,,
,,,,,,,,,,,,,,,,,,,,,,,,,
,,,,,,,,,,,,,,,,,,,,,,,,,
,,,,,,,,,,,,,,,,,,,,,,,,,
Streaming Items,,,,,,,,,,,,,,,,,,,,,,,,,
,,,,,,,,,,,,,,,,,,,,,,,,,
#,Item #,Title,Studio,Qty,Unit Price,Discount,Total,,,,,,,,,,,,,,,,,,
,,,,,,,,,,,,,,,,,,,,,,,,,
1,STPV-03881_s2,He Is Twice My Age ~Scene 2,Private,1,$1.50 ,$0.00 ,$1.50 ,,,,,,,,,,,,,,,,,,
2,STPV-03881_s5,He Is Twice My Age ~Scene 5,Private,1,$1.50 ,$0.00 ,$1.50 ,,,,,,,,,,,,,,,,,,
3,STPV-0709214_s1,Ass Licking Sluts 3 ~Scene 1,Private,1,$1.50 ,$0.00 ,$1.50 ,,,,,,,,,,,,,,,,,,
4,STPV-0709214_s2,Ass Licking Sluts 3 ~Scene 2,Private,1,$1.50 ,$0.00 ,$1.50 ,,,,,,,,,,,,,,,,,,
,,,,,,,,,,,,,,,,,,,,,,,,,
,,,,4,$6.00 ,$0.00 ,$6.00 ,,,,,,,,,,,,,,,,,,
,,,,,,,,,,,,,,,,,,,,,,,,,
,,,,,,,,,,,,,,,,,,,,,,,,,
,,,,,,,,,,,,,,,,,,,,,,,,,
,,,,,,,,,,,,,,,,,,,,,,,,,
,,,,,,,,,,,,,,,,,,,,,,,,,
Vendor Name : 2_AMG - Rome Major,,,,,,,,,,,,,,,,,,,,,,,,,
,,,,,,,,,,,,,,,,,,,,,,,,,
Download Items,,,,,,,,,,,,,,,,,,,,,,,,,
,,,,,,,,,,,,,,,,,,,,,,,,,
#,Item #,Title,Studio,Qty,Unit Price,Discount,Total,,,,,,,,,,,,,,,,,,
,,,,,,,,,,,,,,,,,,,,,,,,,
1,DLRMM-042425_s3,Major GILFs ~ Scene 3,Rome Major,1,$5.00 ,$0.00 ,$5.00 ,,,,,,,,,,,,,,,,,,
2,DLRMM-050825_s1,MILFs Get Major Work ~ Scene 1,Rome Major,1,$5.00 ,$0.00 ,$5.00 ,,,,,,,,,,,,,,,,,,
,,,,,,,,,,,,,,,,,,,,,,,,,
,,,,2,$10.00 ,$0.00 ,$10.00 ,,,,,,,,,,,,,,,,,,
,,,,,,,,,,,,,,,,,,,,,,,,,
,,,,,,,,,,,,,,,,,,,,,,,,,
,,,,,,,,,,,,,,,,,,,,,,,,,
,,,,,,,,,,,,,,,,,,,,,,,,,
Streaming Items,,,,,,,,,,,,,,,,,,,,,,,,,
,,,,,,,,,,,,,,,,,,,,,,,,,
#,Item #,Title,Studio,Qty,Unit Price,Discount,Total,,,,,,,,,,,,,,,,,,
,,,,,,,,,,,,,,,,,,,,,,,,,
,,,,,,,,,,,,,,,,,,,,,,,,,
,,,,0,$0.00 ,$0.00 ,$0.00 ,,,,,,,,,,,,,,,,,,
,,,,,,,,,,,,,,,,,,,,,,,,,
,,,,,,,,,,,,,,,,,,,,,,,,,
,,,,,,,,,,,,,,,,,,,,,,,,,
,,,,,,,,,,,,,,,,,,,,,,,,,
,,,,,,,,,,,,,,,,,,,,,,,,,
Vendor Name : 2_AMG - Score,,,,,,,,,,,,,,,,,,,,,,,,,
,,,,,,,,,,,,,,,,,,,,,,,,,
Download Items,,,,,,,,,,,,,,,,,,,,,,,,,
,,,,,,,,,,,,,,,,,,,,,,,,,
#,Item #,Title,Studio,Qty,Unit Price,Discount,Total,,,,,,,,,,,,,,,,,,
,,,,,,,,,,,,,,,,,,,,,,,,,
1,DLSCR-57207_s4,50 Plus MILFs 10 ~ Scene 4,Score,1,$4.00 ,$0.00 ,$4.00 ,,,,,,,,,,,,,,,,,,
2,DLSCR-57240_s2,Codi Vore XXX ~ Scene 2,Score,1,$4.00 ,$0.00 ,$4.00 ,,,,,,,,,,,,,,,,,,
3,DLSCR-57693_s5,Naughty First Timers X-Cut 13 ~ Scene 5,Score,1,$4.00 ,$0.00 ,$4.00 ,,,,,,,,,,,,,,,,,,
4,DLSCR-577226_s9,Brickhouse Babes 2 ~ Scene 9,Score,1,$4.00 ,$0.00 ,$4.00 ,,,,,,,,,,,,,,,,,,
,,,,,,,,,,,,,,,,,,,,,,,,,
,,,,4,$16.00 ,$0.00 ,$16.00 ,,,,,,,,,,,,,,,,,,
,,,,,,,,,,,,,,,,,,,,,,,,,
,,,,,,,,,,,,,,,,,,,,,,,,,
,,,,,,,,,,,,,,,,,,,,,,,,,
,,,,,,,,,,,,,,,,,,,,,,,,,
Streaming Items,,,,,,,,,,,,,,,,,,,,,,,,,
,,,,,,,,,,,,,,,,,,,,,,,,,
#,Item #,Title,Studio,Qty,Unit Price,Discount,Total,,,,,,,,,,,,,,,,,,
,,,,,,,,,,,,,,,,,,,,,,,,,
1,STSCR-57521,Victoria Lobov,Score,1,$4.50 ,$0.00 ,$4.50 ,,,,,,,,,,,,,,,,,,
,,,,,,,,,,,,,,,,,,,,,,,,,
,,,,1,$4.50 ,$0.00 ,$4.50 ,,,,,,,,,,,,,,,,,,
,,,,,,,,,,,,,,,,,,,,,,,,,
,,,,,,,,,,,,,,,,,,,,,,,,,
,,,,,,,,,,,,,,,,,,,,,,,,,
,,,,,,,,,,,,,,,,,,,,,,,,,
,,,,,,,,,,,,,,,,,,,,,,,,,
Vendor Name : 2_AMG – Third Rock Enterprises,,,,,,,,,,,,,,,,,,,,,,,,,
,,,,,,,,,,,,,,,,,,,,,,,,,
Download Items,,,,,,,,,,,,,,,,,,,,,,,,,
,,,,,,,,,,,,,,,,,,,,,,,,,
#,Item #,Title,Studio,Qty,Unit Price,Discount,Total,,,,,,,,,,,,,,,,,,
,,,,,,,,,,,,,,,,,,,,,,,,,
1,DLBDP-20201224_003,Bad Daddy POV: Alyce Anderson,Bad Daddy POV,1,$6.50 ,$0.00 ,$6.50 ,,,,,,,,,,,,,,,,,,
,,,,,,,,,,,,,,,,,,,,,,,,,
,,,,1,$6.50 ,$0.00 ,$6.50 ,,,,,,,,,,,,,,,,,,
,,,,,,,,,,,,,,,,,,,,,,,,,
,,,,,,,,,,,,,,,,,,,,,,,,,
,,,,,,,,,,,,,,,,,,,,,,,,,
,,,,,,,,,,,,,,,,,,,,,,,,,
Streaming Items,,,,,,,,,,,,,,,,,,,,,,,,,
,,,,,,,,,,,,,,,,,,,,,,,,,
#,Item #,Title,Studio,Qty,Unit Price,Discount,Total,,,,,,,,,,,,,,,,,,
,,,,,,,,,,,,,,,,,,,,,,,,,
,,,,,,,,,,,,,,,,,,,,,,,,,
,,,,0,$0.00 ,$0.00 ,$0.00 ,,,,,,,,,,,,,,,,,,
,,,,,,,,,,,,,,,,,,,,,,,,,
,,,,,,,,,,,,,,,,,,,,,,,,,
,,,,,,,,,,,,,,,,,,,,,,,,,
,,,,,,,,,,,,,,,,,,,,,,,,,
,,,,,,,,,,,,,,,,,,,,,,,,,
Vendor Name : 2_AMG – Third World Media,,,,,,,,,,,,,,,,,,,,,,,,,
,,,,,,,,,,,,,,,,,,,,,,,,,
Download Items,,,,,,,,,,,,,,,,,,,,,,,,,
,,,,,,,,,,,,,,,,,,,,,,,,,
#,Item #,Title,Studio,Qty,Unit Price,Discount,Total,,,,,,,,,,,,,,,,,,
,,,,,,,,,,,,,,,,,,,,,,,,,
1,DLTW-02765_s1,Japan 7 ~ Scene 1,Third World Media,1,$4.00 ,$0.00 ,$4.00 ,,,,,,,,,,,,,,,,,,
,,,,,,,,,,,,,,,,,,,,,,,,,
,,,,1,$4.00 ,$0.00 ,$4.00 ,,,,,,,,,,,,,,,,,,
,,,,,,,,,,,,,,,,,,,,,,,,,
,,,,,,,,,,,,,,,,,,,,,,,,,
,,,,,,,,,,,,,,,,,,,,,,,,,
,,,,,,,,,,,,,,,,,,,,,,,,,
Streaming Items,,,,,,,,,,,,,,,,,,,,,,,,,
,,,,,,,,,,,,,,,,,,,,,,,,,
#,Item #,Title,Studio,Qty,Unit Price,Discount,Total,,,,,,,,,,,,,,,,,,
,,,,,,,,,,,,,,,,,,,,,,,,,
,,,,,,,,,,,,,,,,,,,,,,,,,
,,,,0,$0.00 ,$0.00 ,$0.00 ,,,,,,,,,,,,,,,,,,
,,,,,,,,,,,,,,,,,,,,,,,,,
,,,,,,,,,,,,,,,,,,,,,,,,,
,,,,,,,,,,,,,,,,,,,,,,,,,
,,,,,,,,,,,,,,,,,,,,,,,,,
,,,,,,,,,,,,,,,,,,,,,,,,,
,,,,,,,,,,,,,,,,,,,,,,,,,
,,,,,,,,,,,,,,,,,,,,,,,,,
,,,,,,,,,,,,,,,,,,,,,,,,,
,,,,,,,,,,,,,,,,,,,,,,,,,
,,,,,,,,,,,,,,,,,,,,,,,,,
,,,,,,,,,,,,,,,,,,,,,,,,,
,,,,,,,,,,,,,,,,,,,,,,,,,
,,,,,,,,,,,,,,,,,,,,,,,,,
,,,,,,,,,,,,,,,,,,,,,,,,,
,,,,,,,,,,,,,,,,,,,,,,,,,
,,,,,,,,,,,,,,,,,,,,,,,,,
,,,,,,,,,,,,,,,,,,,,,,,,,
,,,,,,,,,,,,,,,,,,,,,,,,,
,,,,,,,,,,,,,,,,,,,,,,,,,
,,,,,,,,,,,,,,,,,,,,,,,,,
,,,,,,,,,,,,,,,,,,,,,,,,,
,,,,,,,,,,,,,,,,,,,,,,,,,
,,,,,,,,,,,,,,,,,,,,,,,,,
,,,,,,,,,,,,,,,,,,,,,,,,,
,,,,,,,,,,,,,,,,,,,,,,,,,
,,,,,,,,,,,,,,,,,,,,,,,,,
,,,,,,,,,,,,,,,,,,,,,,,,,
,,,,,,,,,,,,,,,,,,,,,,,,,
,,,,,,,,,,,,,,,,,,,,,,,,,
,,,,,,,,,,,,,,,,,,,,,,,,,
,,,,,,,,,,,,,,,,,,,,,,,,,
,,,,,,,,,,,,,,,,,,,,,,,,,
,,,,,,,,,,,,,,,,,,,,,,,,,
,,,,,,,,,,,,,,,,,,,,,,,,,
,,,,,,,,,,,,,,,,,,,,,,,,,
,,,,,,,,,,,,,,,,,,,,,,,,,
,,,,,,,,,,,,,,,,,,,,,,,,,
,,,,,,,,,,,,,,,,,,,,,,,,,
,,,,,,,,,,,,,,,,,,,,,,,,,
,,,,,,,,,,,,,,,,,,,,,,,,,
,,,,,,,,,,,,,,,,,,,,,,,,,
,,,,,,,,,,,,,,,,,,,,,,,,,
,,,,,,,,,,,,,,,,,,,,,,,,,
,,,,,,,,,,,,,,,,,,,,,,,,,
,,,,,,,,,,,,,,,,,,,,,,,,,
,,,,,,,,,,,,,,,,,,,,,,,,,
,,,,,,,,,,,,,,,,,,,,,,,,,
,,,,,,,,,,,,,,,,,,,,,,,,,
,,,,,,,,,,,,,,,,,,,,,,,,,
,,,,,,,,,,,,,,,,,,,,,,,,,
,,,,,,,,,,,,,,,,,,,,,,,,,
,,,,,,,,,,,,,,,,,,,,,,,,,
,,,,,,,,,,,,,,,,,,,,,,,,,
,,,,,,,,,,,,,,,,,,,,,,,,,
,,,,,,,,,,,,,,,,,,,,,,,,,
,,,,,,,,,,,,,,,,,,,,,,,,,
,,,,,,,,,,,,,,,,,,,,,,,,,
,,,,,,,,,,,,,,,,,,,,,,,,,
,,,,,,,,,,,,,,,,,,,,,,,,,
,,,,,,,,,,,,,,,,,,,,,,,,,
,,,,,,,,,,,,,,,,,,,,,,,,,
,,,,,,,,,,,,,,,,,,,,,,,,,
,,,,,,,,,,,,,,,,,,,,,,,,,
,,,,,,,,,,,,,,,,,,,,,,,,,
,,,,,,,,,,,,,,,,,,,,,,,,,
,,,,,,,,,,,,,,,,,,,,,,,,,
,,,,,,,,,,,,,,,,,,,,,,,,,
,,,,,,,,,,,,,,,,,,,,,,,,,
,,,,,,,,,,,,,,,,,,,,,,,,,
,,,,,,,,,,,,,,,,,,,,,,,,,
,,,,,,,,,,,,,,,,,,,,,,,,,
,,,,,,,,,,,,,,,,,,,,,,,,,
,,,,,,,,,,,,,,,,,,,,,,,,,
,,,,,,,,,,,,,,,,,,,,,,,,,
,,,,,,,,,,,,,,,,,,,,,,,,,
,,,,,,,,,,,,,,,,,,,,,,,,,
,,,,,,,,,,,,,,,,,,,,,,,,,
,,,,,,,,,,,,,,,,,,,,,,,,,
,,,,,,,,,,,,,,,,,,,,,,,,,
,,,,,,,,,,,,,,,,,,,,,,,,,
,,,,,,,,,,,,,,,,,,,,,,,,,
,,,,,,,,,,,,,,,,,,,,,,,,,
,,,,,,,,,,,,,,,,,,,,,,,,,
,,,,,,,,,,,,,,,,,,,,,,,,,
,,,,,,,,,,,,,,,,,,,,,,,,,
,,,,,,,,,,,,,,,,,,,,,,,,,
,,,,,,,,,,,,,,,,,,,,,,,,,
,,,,,,,,,,,,,,,,,,,,,,,,,
,,,,,,,,,,,,,,,,,,,,,,,,,
,,,,,,,,,,,,,,,,,,,,,,,,,
,,,,,,,,,,,,,,,,,,,,,,,,,
,,,,,,,,,,,,,,,,,,,,,,,,,
,,,,,,,,,,,,,,,,,,,,,,,,,
,,,,,,,,,,,,,,,,,,,,,,,,,
,,,,,,,,,,,,,,,,,,,,,,,,,
,,,,,,,,,,,,,,,,,,,,,,,,,
,,,,,,,,,,,,,,,,,,,,,,,,,
,,,,,,,,,,,,,,,,,,,,,,,,,
,,,,,,,,,,,,,,,,,,,,,,,,,
,,,,,,,,,,,,,,,,,,,,,,,,,
,,,,,,,,,,,,,,,,,,,,,,,,,
,,,,,,,,,,,,,,,,,,,,,,,,,
,,,,,,,,,,,,,,,,,,,,,,,,,
,,,,,,,,,,,,,,,,,,,,,,,,,
,,,,,,,,,,,,,,,,,,,,,,,,,
,,,,,,,,,,,,,,,,,,,,,,,,,
,,,,,,,,,,,,,,,,,,,,,,,,,
,,,,,,,,,,,,,,,,,,,,,,,,,
,,,,,,,,,,,,,,,,,,,,,,,,,
,,,,,,,,,,,,,,,,,,,,,,,,,
,,,,,,,,,,,,,,,,,,,,,,,,,
,,,,,,,,,,,,,,,,,,,,,,,,,
,,,,,,,,,,,,,,,,,,,,,,,,,
,,,,,,,,,,,,,,,,,,,,,,,,,
,,,,,,,,,,,,,,,,,,,,,,,,,
,,,,,,,,,,,,,,,,,,,,,,,,,
,,,,,,,,,,,,,,,,,,,,,,,,,
,,,,,,,,,,,,,,,,,,,,,,,,,
,,,,,,,,,,,,,,,,,,,,,,,,,
,,,,,,,,,,,,,,,,,,,,,,,,,
,,,,,,,,,,,,,,,,,,,,,,,,,
,,,,,,,,,,,,,,,,,,,,,,,,,
,,,,,,,,,,,,,,,,,,,,,,,,,
,,,,,,,,,,,,,,,,,,,,,,,,,
,,,,,,,,,,,,,,,,,,,,,,,,,
,,,,,,,,,,,,,,,,,,,,,,,,,
,,,,,,,,,,,,,,,,,,,,,,,,,
,,,,,,,,,,,,,,,,,,,,,,,,,
,,,,,,,,,,,,,,,,,,,,,,,,,
,,,,,,,,,,,,,,,,,,,,,,,,,
,,,,,,,,,,,,,,,,,,,,,,,,,
,,,,,,,,,,,,,,,,,,,,,,,,,
,,,,,,,,,,,,,,,,,,,,,,,,,
,,,,,,,,,,,,,,,,,,,,,,,,,
,,,,,,,,,,,,,,,,,,,,,,,,,
,,,,,,,,,,,,,,,,,,,,,,,,,
,,,,,,,,,,,,,,,,,,,,,,,,,
,,,,,,,,,,,,,,,,,,,,,,,,,
,,,,,,,,,,,,,,,,,,,,,,,,,
,,,,,,,,,,,,,,,,,,,,,,,,,
,,,,,,,,,,,,,,,,,,,,,,,,,
,,,,,,,,,,,,,,,,,,,,,,,,,
,,,,,,,,,,,,,,,,,,,,,,,,,
,,,,,,,,,,,,,,,,,,,,,,,,,
,,,,,,,,,,,,,,,,,,,,,,,,,
,,,,,,,,,,,,,,,,,,,,,,,,,
,,,,,,,,,,,,,,,,,,,,,,,,,
,,,,,,,,,,,,,,,,,,,,,,,,,
,,,,,,,,,,,,,,,,,,,,,,,,,
,,,,,,,,,,,,,,,,,,,,,,,,,
,,,,,,,,,,,,,,,,,,,,,,,,,
,,,,,,,,,,,,,,,,,,,,,,,,,
,,,,,,,,,,,,,,,,,,,,,,,,,
,,,,,,,,,,,,,,,,,,,,,,,,,
,,,,,,,,,,,,,,,,,,,,,,,,,
,,,,,,,,,,,,,,,,,,,,,,,,,
,,,,,,,,,,,,,,,,,,,,,,,,,
,,,,,,,,,,,,,,,,,,,,,,,,,
,,,,,,,,,,,,,,,,,,,,,,,,,
,,,,,,,,,,,,,,,,,,,,,,,,,
,,,,,,,,,,,,,,,,,,,,,,,,,
,,,,,,,,,,,,,,,,,,,,,,,,,
,,,,,,,,,,,,,,,,,,,,,,,,,
,,,,,,,,,,,,,,,,,,,,,,,,,
,,,,,,,,,,,,,,,,,,,,,,,,,
,,,,,,,,,,,,,,,,,,,,,,,,,
,,,,,,,,,,,,,,,,,,,,,,,,,
,,,,,,,,,,,,,,,,,,,,,,,,,
,,,,,,,,,,,,,,,,,,,,,,,,,
,,,,,,,,,,,,,,,,,,,,,,,,,
,,,,,,,,,,,,,,,,,,,,,,,,,
,,,,,,,,,,,,,,,,,,,,,,,,,
,,,,,,,,,,,,,,,,,,,,,,,,,
,,,,,,,,,,,,,,,,,,,,,,,,,
,,,,,,,,,,,,,,,,,,,,,,,,,
,,,,,,,,,,,,,,,,,,,,,,,,,
,,,,,,,,,,,,,,,,,,,,,,,,,
,,,,,,,,,,,,,,,,,,,,,,,,,
,,,,,,,,,,,,,,,,,,,,,,,,,
,,,,,,,,,,,,,,,,,,,,,,,,,
,,,,,,,,,,,,,,,,,,,,,,,,,
,,,,,,,,,,,,,,,,,,,,,,,,,
,,,,,,,,,,,,,,,,,,,,,,,,,
,,,,,,,,,,,,,,,,,,,,,,,,,
,,,,,,,,,,,,,,,,,,,,,,,,,
,,,,,,,,,,,,,,,,,,,,,,,,,
,,,,,,,,,,,,,,,,,,,,,,,,,
,,,,,,,,,,,,,,,,,,,,,,,,,
,,,,,,,,,,,,,,,,,,,,,,,,,
,,,,,,,,,,,,,,,,,,,,,,,,,
,,,,,,,,,,,,,,,,,,,,,,,,,
,,,,,,,,,,,,,,,,,,,,,,,,,
,,,,,,,,,,,,,,,,,,,,,,,,,
,,,,,,,,,,,,,,,,,,,,,,,,,
,,,,,,,,,,,,,,,,,,,,,,,,,
,,,,,,,,,,,,,,,,,,,,,,,,,
,,,,,,,,,,,,,,,,,,,,,,,,,
,,,,,,,,,,,,,,,,,,,,,,,,,
,,,,,,,,,,,,,,,,,,,,,,,,,
,,,,,,,,,,,,,,,,,,,,,,,,,
,,,,,,,,,,,,,,,,,,,,,,,,,
,,,,,,,,,,,,,,,,,,,,,,,,,
,,,,,,,,,,,,,,,,,,,,,,,,,
,,,,,,,,,,,,,,,,,,,,,,,,,
,,,,,,,,,,,,,,,,,,,,,,,,,
,,,,,,,,,,,,,,,,,,,,,,,,,
,,,,,,,,,,,,,,,,,,,,,,,,,
,,,,,,,,,,,,,,,,,,,,,,,,,
,,,,,,,,,,,,,,,,,,,,,,,,,
,,,,,,,,,,,,,,,,,,,,,,,,,
,,,,,,,,,,,,,,,,,,,,,,,,,
,,,,,,,,,,,,,,,,,,,,,,,,,
,,,,,,,,,,,,,,,,,,,,,,,,,
,,,,,,,,,,,,,,,,,,,,,,,,,
,,,,,,,,,,,,,,,,,,,,,,,,,
,,,,,,,,,,,,,,,,,,,,,,,,,
,,,,,,,,,,,,,,,,,,,,,,,,,
,,,,,,,,,,,,,,,,,,,,,,,,,
,,,,,,,,,,,,,,,,,,,,,,,,,
,,,,,,,,,,,,,,,,,,,,,,,,,
,,,,,,,,,,,,,,,,,,,,,,,,,
,,,,,,,,,,,,,,,,,,,,,,,,,
,,,,,,,,,,,,,,,,,,,,,,,,,
,,,,,,,,,,,,,,,,,,,,,,,,,
,,,,,,,,,,,,,,,,,,,,,,,,,
,,,,,,,,,,,,,,,,,,,,,,,,,
,,,,,,,,,,,,,,,,,,,,,,,,,
,,,,,,,,,,,,,,,,,,,,,,,,,
,,,,,,,,,,,,,,,,,,,,,,,,,
,,,,,,,,,,,,,,,,,,,,,,,,,
,,,,,,,,,,,,,,,,,,,,,,,,,
,,,,,,,,,,,,,,,,,,,,,,,,,
,,,,,,,,,,,,,,,,,,,,,,,,,
,,,,,,,,,,,,,,,,,,,,,,,,,
,,,,,,,,,,,,,,,,,,,,,,,,,
,,,,,,,,,,,,,,,,,,,,,,,,,
,,,,,,,,,,,,,,,,,,,,,,,,,
,,,,,,,,,,,,,,,,,,,,,,,,,
,,,,,,,,,,,,,,,,,,,,,,,,,
,,,,,,,,,,,,,,,,,,,,,,,,,
,,,,,,,,,,,,,,,,,,,,,,,,,
,,,,,,,,,,,,,,,,,,,,,,,,,
,,,,,,,,,,,,,,,,,,,,,,,,,
,,,,,,,,,,,,,,,,,,,,,,,,,
,,,,,,,,,,,,,,,,,,,,,,,,,
,,,,,,,,,,,,,,,,,,,,,,,,,
,,,,,,,,,,,,,,,,,,,,,,,,,
,,,,,,,,,,,,,,,,,,,,,,,,,
,,,,,,,,,,,,,,,,,,,,,,,,,
,,,,,,,,,,,,,,,,,,,,,,,,,
,,,,,,,,,,,,,,,,,,,,,,,,,
,,,,,,,,,,,,,,,,,,,,,,,,,
,,,,,,,,,,,,,,,,,,,,,,,,,
,,,,,,,,,,,,,,,,,,,,,,,,,
,,,,,,,,,,,,,,,,,,,,,,,,,
,,,,,,,,,,,,,,,,,,,,,,,,,
,,,,,,,,,,,,,,,,,,,,,,,,,
,,,,,,,,,,,,,,,,,,,,,,,,,
,,,,,,,,,,,,,,,,,,,,,,,,,
,,,,,,,,,,,,,,,,,,,,,,,,,
,,,,,,,,,,,,,,,,,,,,,,,,,
,,,,,,,,,,,,,,,,,,,,,,,,,
,,,,,,,,,,,,,,,,,,,,,,,,,
,,,,,,,,,,,,,,,,,,,,,,,,,
,,,,,,,,,,,,,,,,,,,,,,,,,
,,,,,,,,,,,,,,,,,,,,,,,,,
,,,,,,,,,,,,,,,,,,,,,,,,,
,,,,,,,,,,,,,,,,,,,,,,,,,
,,,,,,,,,,,,,,,,,,,,,,,,,
,,,,,,,,,,,,,,,,,,,,,,,,,
,,,,,,,,,,,,,,,,,,,,,,,,,
,,,,,,,,,,,,,,,,,,,,,,,,,
,,,,,,,,,,,,,,,,,,,,,,,,,
,,,,,,,,,,,,,,,,,,,,,,,,,
,,,,,,,,,,,,,,,,,,,,,,,,,
,,,,,,,,,,,,,,,,,,,,,,,,,
,,,,,,,,,,,,,,,,,,,,,,,,,
,,,,,,,,,,,,,,,,,,,,,,,,,
,,,,,,,,,,,,,,,,,,,,,,,,,
,,,,,,,,,,,,,,,,,,,,,,,,,
,,,,,,,,,,,,,,,,,,,,,,,,,
,,,,,,,,,,,,,,,,,,,,,,,,,
,,,,,,,,,,,,,,,,,,,,,,,,,
,,,,,,,,,,,,,,,,,,,,,,,,,
,,,,,,,,,,,,,,,,,,,,,,,,,
,,,,,,,,,,,,,,,,,,,,,,,,,
,,,,,,,,,,,,,,,,,,,,,,,,,
,,,,,,,,,,,,,,,,,,,,,,,,,
,,,,,,,,,,,,,,,,,,,,,,,,,
,,,,,,,,,,,,,,,,,,,,,,,,,
,,,,,,,,,,,,,,,,,,,,,,,,,
,,,,,,,,,,,,,,,,,,,,,,,,,
,,,,,,,,,,,,,,,,,,,,,,,,,
,,,,,,,,,,,,,,,,,,,,,,,,,
,,,,,,,,,,,,,,,,,,,,,,,,,
,,,,,,,,,,,,,,,,,,,,,,,,,
,,,,,,,,,,,,,,,,,,,,,,,,,
,,,,,,,,,,,,,,,,,,,,,,,,,
,,,,,,,,,,,,,,,,,,,,,,,,,
,,,,,,,,,,,,,,,,,,,,,,,,,
,,,,,,,,,,,,,,,,,,,,,,,,,
,,,,,,,,,,,,,,,,,,,,,,,,,
,,,,,,,,,,,,,,,,,,,,,,,,,
,,,,,,,,,,,,,,,,,,,,,,,,,
,,,,,,,,,,,,,,,,,,,,,,,,,
,,,,,,,,,,,,,,,,,,,,,,,,,
,,,,,,,,,,,,,,,,,,,,,,,,,
,,,,,,,,,,,,,,,,,,,,,,,,,
,,,,,,,,,,,,,,,,,,,,,,,,,
,,,,,,,,,,,,,,,,,,,,,,,,,
,,,,,,,,,,,,,,,,,,,,,,,,,
,,,,,,,,,,,,,,,,,,,,,,,,,
,,,,,,,,,,,,,,,,,,,,,,,,,
,,,,,,,,,,,,,,,,,,,,,,,,,
,,,,,,,,,,,,,,,,,,,,,,,,,
,,,,,,,,,,,,,,,,,,,,,,,,,
,,,,,,,,,,,,,,,,,,,,,,,,,
,,,,,,,,,,,,,,,,,,,,,,,,,
,,,,,,,,,,,,,,,,,,,,,,,,,
,,,,,,,,,,,,,,,,,,,,,,,,,
,,,,,,,,,,,,,,,,,,,,,,,,,
,,,,,,,,,,,,,,,,,,,,,,,,,
,,,,,,,,,,,,,,,,,,,,,,,,,
,,,,,,,,,,,,,,,,,,,,,,,,,
,,,,,,,,,,,,,,,,,,,,,,,,,
,,,,,,,,,,,,,,,,,,,,,,,,,
,,,,,,,,,,,,,,,,,,,,,,,,,
,,,,,,,,,,,,,,,,,,,,,,,,,
,,,,,,,,,,,,,,,,,,,,,,,,,
,,,,,,,,,,,,,,,,,,,,,,,,,
,,,,,,,,,,,,,,,,,,,,,,,,,
,,,,,,,,,,,,,,,,,,,,,,,,,
,,,,,,,,,,,,,,,,,,,,,,,,,
,,,,,,,,,,,,,,,,,,,,,,,,,
,,,,,,,,,,,,,,,,,,,,,,,,,
,,,,,,,,,,,,,,,,,,,,,,,,,
,,,,,,,,,,,,,,,,,,,,,,,,,
,,,,,,,,,,,,,,,,,,,,,,,,,
,,,,,,,,,,,,,,,,,,,,,,,,,
,,,,,,,,,,,,,,,,,,,,,,,,,
,,,,,,,,,,,,,,,,,,,,,,,,,
,,,,,,,,,,,,,,,,,,,,,,,,,
,,,,,,,,,,,,,,,,,,,,,,,,,
,,,,,,,,,,,,,,,,,,,,,,,,,
,,,,,,,,,,,,,,,,,,,,,,,,,
,,,,,,,,,,,,,,,,,,,,,,,,,
,,,,,,,,,,,,,,,,,,,,,,,,,
,,,,,,,,,,,,,,,,,,,,,,,,,
,,,,,,,,,,,,,,,,,,,,,,,,,
,,,,,,,,,,,,,,,,,,,,,,,,,
,,,,,,,,,,,,,,,,,,,,,,,,,
,,,,,,,,,,,,,,,,,,,,,,,,,
,,,,,,,,,,,,,,,,,,,,,,,,,
,,,,,,,,,,,,,,,,,,,,,,,,,
,,,,,,,,,,,,,,,,,,,,,,,,,
,,,,,,,,,,,,,,,,,,,,,,,,,
,,,,,,,,,,,,,,,,,,,,,,,,,
,,,,,,,,,,,,,,,,,,,,,,,,,
,,,,,,,,,,,,,,,,,,,,,,,,,
,,,,,,,,,,,,,,,,,,,,,,,,,
,,,,,,,,,,,,,,,,,,,,,,,,,
,,,,,,,,,,,,,,,,,,,,,,,,,
,,,,,,,,,,,,,,,,,,,,,,,,,
,,,,,,,,,,,,,,,,,,,,,,,,,
,,,,,,,,,,,,,,,,,,,,,,,,,
,,,,,,,,,,,,,,,,,,,,,,,,,
,,,,,,,,,,,,,,,,,,,,,,,,,
,,,,,,,,,,,,,,,,,,,,,,,,,
,,,,,,,,,,,,,,,,,,,,,,,,,
,,,,,,,,,,,,,,,,,,,,,,,,,
,,,,,,,,,,,,,,,,,,,,,,,,,
,,,,,,,,,,,,,,,,,,,,,,,,,
,,,,,,,,,,,,,,,,,,,,,,,,,
,,,,,,,,,,,,,,,,,,,,,,,,,
,,,,,,,,,,,,,,,,,,,,,,,,,
,,,,,,,,,,,,,,,,,,,,,,,,,
,,,,,,,,,,,,,,,,,,,,,,,,,
,,,,,,,,,,,,,,,,,,,,,,,,,
,,,,,,,,,,,,,,,,,,,,,,,,,
,,,,,,,,,,,,,,,,,,,,,,,,,
,,,,,,,,,,,,,,,,,,,,,,,,,
,,,,,,,,,,,,,,,,,,,,,,,,,
,,,,,,,,,,,,,,,,,,,,,,,,,
,,,,,,,,,,,,,,,,,,,,,,,,,
,,,,,,,,,,,,,,,,,,,,,,,,,
,,,,,,,,,,,,,,,,,,,,,,,,,
,,,,,,,,,,,,,,,,,,,,,,,,,
,,,,,,,,,,,,,,,,,,,,,,,,,
,,,,,,,,,,,,,,,,,,,,,,,,,
,,,,,,,,,,,,,,,,,,,,,,,,,
,,,,,,,,,,,,,,,,,,,,,,,,,
,,,,,,,,,,,,,,,,,,,,,,,,,
,,,,,,,,,,,,,,,,,,,,,,,,,
,,,,,,,,,,,,,,,,,,,,,,,,,
,,,,,,,,,,,,,,,,,,,,,,,,,
,,,,,,,,,,,,,,,,,,,,,,,,,
,,,,,,,,,,,,,,,,,,,,,,,,,
,,,,,,,,,,,,,,,,,,,,,,,,,
,,,,,,,,,,,,,,,,,,,,,,,,,
,,,,,,,,,,,,,,,,,,,,,,,,,
,,,,,,,,,,,,,,,,,,,,,,,,,
,,,,,,,,,,,,,,,,,,,,,,,,,
,,,,,,,,,,,,,,,,,,,,,,,,,
,,,,,,,,,,,,,,,,,,,,,,,,,
,,,,,,,,,,,,,,,,,,,,,,,,,
,,,,,,,,,,,,,,,,,,,,,,,,,
,,,,,,,,,,,,,,,,,,,,,,,,,
,,,,,,,,,,,,,,,,,,,,,,,,,
,,,,,,,,,,,,,,,,,,,,,,,,,
,,,,,,,,,,,,,,,,,,,,,,,,,
,,,,,,,,,,,,,,,,,,,,,,,,,
,,,,,,,,,,,,,,,,,,,,,,,,,
,,,,,,,,,,,,,,,,,,,,,,,,,
,,,,,,,,,,,,,,,,,,,,,,,,,
,,,,,,,,,,,,,,,,,,,,,,,,,
,,,,,,,,,,,,,,,,,,,,,,,,,
,,,,,,,,,,,,,,,,,,,,,,,,,
,,,,,,,,,,,,,,,,,,,,,,,,,
,,,,,,,,,,,,,,,,,,,,,,,,,
,,,,,,,,,,,,,,,,,,,,,,,,,
,,,,,,,,,,,,,,,,,,,,,,,,,
,,,,,,,,,,,,,,,,,,,,,,,,,
,,,,,,,,,,,,,,,,,,,,,,,,,
,,,,,,,,,,,,,,,,,,,,,,,,,
,,,,,,,,,,,,,,,,,,,,,,,,,
,,,,,,,,,,,,,,,,,,,,,,,,,
,,,,,,,,,,,,,,,,,,,,,,,,,
,,,,,,,,,,,,,,,,,,,,,,,,,
,,,,,,,,,,,,,,,,,,,,,,,,,
,,,,,,,,,,,,,,,,,,,,,,,,,
,,,,,,,,,,,,,,,,,,,,,,,,,
,,,,,,,,,,,,,,,,,,,,,,,,,
,,,,,,,,,,,,,,,,,,,,,,,,,
,,,,,,,,,,,,,,,,,,,,,,,,,
,,,,,,,,,,,,,,,,,,,,,,,,,
