Title,Total,PPM,Rental,Download,Studio,Vendor ID,,
Threeway Delight,$44.92 ,$34.39 ,$8.99 ,$1.53 ,AMG,,,
Lick And Fuck My Pink Pussy,$29.97 ,$18.72 ,$0.00 ,$11.25 ,AMG,,,
My First DP,$6.01 ,$1.59 ,$2.65 ,$1.77 ,AMG,,,
Big Tittied Teens (18+) 2 Part 2,$3.95 ,$3.95 ,$0.00 ,$0.00 ,AMG,,,
Creampie Teens (18+) 2,$3.60 ,$3.60 ,$0.00 ,$0.00 ,AMG,,,
Young Blonde Chicks With Small Tits 2,$3.45 ,$3.45 ,$0.00 ,$0.00 ,AMG,,,
My First Threesome 2,$2.59 ,$1.10 ,$0.00 ,$1.49 ,AMG,,,
Full Service Massage,$2.50 ,$0.10 ,$2.40 ,$0.00 ,AMG,,,
Juicy Massage Room,$2.40 ,$2.40 ,$0.00 ,$0.00 ,AMG,,,
Hot Teen (18+) Threesomes 2,$2.39 ,$2.39 ,$0.00 ,$0.00 ,AMG,,,
Young Blonde Chicks With Small Tits,$2.21 ,$2.21 ,$0.00 ,$0.00 ,AMG,,,
Beautiful Threesome,$1.97 ,$0.77 ,$1.20 ,$0.00 ,AMG,,,
Hot Teen (18+) Threesomes,$1.94 ,$1.94 ,$0.00 ,$0.00 ,AMG,,,
Creampie Teens (18+),$1.90 ,$1.90 ,$0.00 ,$0.00 ,AMG,,,
Teen (18+) Anal Perfection,$1.80 ,$0.61 ,$0.00 ,$1.19 ,AMG,,,
Two To Fuck,$1.56 ,$1.56 ,$0.00 ,$0.00 ,AMG,,,
Full Service Massage 2,$1.51 ,$1.51 ,$0.00 ,$0.00 ,AMG,,,
"Hot, Horny And Innocent - Wanna be Fucked",$1.41 ,$0.20 ,$0.00 ,$1.21 ,AMG,,,
Small Tit Love,$1.40 ,$0.27 ,$0.00 ,$1.13 ,AMG,,,
Hot Blonde Teens (18+),$1.38 ,$1.38 ,$0.00 ,$0.00 ,AMG,,,
Premium Teen (18+) Pussy 2,$1.31 ,$1.31 ,$0.00 ,$0.00 ,AMG,,,
Big Tittied Teens (18+),$1.19 ,$1.19 ,$0.00 ,$0.00 ,AMG,,,
Teenie Massage Rooms,$1.02 ,$1.02 ,$0.00 ,$0.00 ,AMG,,,
"Fresh, Juicy Blonde Pussy",$1.02 ,$1.02 ,$0.00 ,$0.00 ,AMG,,,
Cute Creampie Teens,$0.94 ,$0.94 ,$0.00 ,$0.00 ,AMG,,,
Dirty Massage Room,$0.93 ,$0.93 ,$0.00 ,$0.00 ,AMG,,,
DP Obsessed Teens (18+),$0.84 ,$0.84 ,$0.00 ,$0.00 ,AMG,,,
Teen (18+) Anal Sexperts,$0.83 ,$0.83 ,$0.00 ,$0.00 ,AMG,,,
Students Sexperimeting,$0.82 ,$0.82 ,$0.00 ,$0.00 ,AMG,,,
It's Fuckin' Anal,$0.77 ,$0.77 ,$0.00 ,$0.00 ,AMG,,,
Creaming Teen Throats,$0.73 ,$0.13 ,$0.00 ,$0.60 ,AMG,,,
Premium Teen (18+) Pussy,$0.72 ,$0.72 ,$0.00 ,$0.00 ,AMG,,,
Tiny Tits Tight Pussy,$0.71 ,$0.71 ,$0.00 ,$0.00 ,AMG,,,
Born To Flirt,$0.65 ,$0.65 ,$0.00 ,$0.00 ,AMG,,,
Perfectly Dirty: Blondes Edition,$0.57 ,$0.57 ,$0.00 ,$0.00 ,AMG,,,
Threesomes Dreams,$0.56 ,$0.56 ,$0.00 ,$0.00 ,AMG,,,
Irresistible Teens,$0.54 ,$0.54 ,$0.00 ,$0.00 ,AMG,,,
Do Your Ass-Ignment,$0.52 ,$0.52 ,$0.00 ,$0.00 ,AMG,,,
Afternoon Threesomes,$0.51 ,$0.51 ,$0.00 ,$0.00 ,AMG,,,
2 Teens Double Fun,$0.51 ,$0.51 ,$0.00 ,$0.00 ,AMG,,,
Brunette Pussy Temptations,$0.51 ,$0.51 ,$0.00 ,$0.00 ,AMG,,,
Young Pussy Paradise,$0.45 ,$0.45 ,$0.00 ,$0.00 ,AMG,,,
Sweet Redheads,$0.45 ,$0.45 ,$0.00 ,$0.00 ,AMG,,,
"Teeny, Tiny, Asses",$0.45 ,$0.45 ,$0.00 ,$0.00 ,AMG,,,
Tight And Tiny Fuck Toys,$0.44 ,$0.44 ,$0.00 ,$0.00 ,AMG,,,
Please Take My Ass,$0.39 ,$0.39 ,$0.00 ,$0.00 ,AMG,,,
Teen Supreme,$0.38 ,$0.38 ,$0.00 ,$0.00 ,AMG,,,
Afternoon Threesomes 2,$0.37 ,$0.37 ,$0.00 ,$0.00 ,AMG,,,
Back In The Butt,$0.37 ,$0.37 ,$0.00 ,$0.00 ,AMG,,,
Doing My Personal Trainer,$0.35 ,$0.35 ,$0.00 ,$0.00 ,AMG,,,
2 Pussies For 1 Tongue,$0.35 ,$0.35 ,$0.00 ,$0.00 ,AMG,,,
Blonde Teen Temptation,$0.34 ,$0.34 ,$0.00 ,$0.00 ,AMG,,,
Fuck My Ass,$0.33 ,$0.33 ,$0.00 ,$0.00 ,AMG,,,
I'm So Horny,$0.33 ,$0.33 ,$0.00 ,$0.00 ,AMG,,,
My First Threesome,$0.33 ,$0.33 ,$0.00 ,$0.00 ,AMG,,,
Cream Filled Cuties,$0.30 ,$0.30 ,$0.00 ,$0.00 ,AMG,,,
Teen Love Sex Addicts,$0.30 ,$0.30 ,$0.00 ,$0.00 ,AMG,,,
Sweet Sexy Teens,$0.28 ,$0.28 ,$0.00 ,$0.00 ,AMG,,,
Hot Petite Redheads,$0.26 ,$0.26 ,$0.00 ,$0.00 ,AMG,,,
Red Devils,$0.25 ,$0.25 ,$0.00 ,$0.00 ,AMG,,,
Girl's Desire,$0.24 ,$0.24 ,$0.00 ,$0.00 ,AMG,,,
Cock Ready,$0.24 ,$0.24 ,$0.00 ,$0.00 ,AMG,,,
My Sweet Cheries,$0.20 ,$0.20 ,$0.00 ,$0.00 ,AMG,,,
Suck It Like You Mean It,$0.18 ,$0.18 ,$0.00 ,$0.00 ,AMG,,,
Cock Crazy Sweethearts,$0.17 ,$0.17 ,$0.00 ,$0.00 ,AMG,,,
Fucking Fit,$0.16 ,$0.16 ,$0.00 ,$0.00 ,AMG,,,
Watch Me Bang My Girl,$0.15 ,$0.15 ,$0.00 ,$0.00 ,AMG,,,
Sweeties Need A Dick,$0.13 ,$0.13 ,$0.00 ,$0.00 ,AMG,,,
Butt Stuffed,$0.11 ,$0.11 ,$0.00 ,$0.00 ,AMG,,,
Blondie Wants Dick,$0.11 ,$0.11 ,$0.00 ,$0.00 ,AMG,,,
Ass Loving College Cuties,$0.10 ,$0.10 ,$0.00 ,$0.00 ,AMG,,,
I Want'Em Young,$0.09 ,$0.09 ,$0.00 ,$0.00 ,AMG,,,
Tight Teen Tushies,$0.08 ,$0.08 ,$0.00 ,$0.00 ,AMG,,,
Taste My Teen Cherry,$0.08 ,$0.08 ,$0.00 ,$0.00 ,AMG,,,
Anal Delight,$0.08 ,$0.08 ,$0.00 ,$0.00 ,AMG,,,
Blowing The Boss,$0.07 ,$0.07 ,$0.00 ,$0.00 ,AMG,,,
Dirty Amateurs In Action,$0.06 ,$0.06 ,$0.00 ,$0.00 ,AMG,,,
Fill My Tiny Pussy With Your Big Cock,$0.06 ,$0.06 ,$0.00 ,$0.00 ,AMG,,,
Red Hair Peach Pussy,$0.06 ,$0.06 ,$0.00 ,$0.00 ,AMG,,,
Fucking Delicious,$0.05 ,$0.05 ,$0.00 ,$0.00 ,AMG,,,
Teeny Cocksuckers And Fuckers,$0.04 ,$0.04 ,$0.00 ,$0.00 ,AMG,,,
He's The Boss,$0.03 ,$0.03 ,$0.00 ,$0.00 ,AMG,,,
Your Wife Is Hot And I Want To Fuck Her,$0.03 ,$0.03 ,$0.00 ,$0.00 ,AMG,,,
Anal Virgins,$0.03 ,$0.03 ,$0.00 ,$0.00 ,AMG,,,
Tiny Pussy Massage,$0.03 ,$0.03 ,$0.00 ,$0.00 ,AMG,,,
Barely 18 Initiations,$0.02 ,$0.02 ,$0.00 ,$0.00 ,AMG,,,
9 To 5 Fucking,$0.02 ,$0.02 ,$0.00 ,$0.00 ,AMG,,,
Insatiable Sweet Whores,$0.01 ,$0.01 ,$0.00 ,$0.00 ,AMG,$144.41 ,,
His First Trans,$126.10 ,$106.76 ,$4.49 ,$14.84 ,Hot Hot Films,,,
Bareback Trans Roommates,$66.22 ,$60.23 ,$5.99 ,$0.00 ,Hot Hot Films,,,
Cuck My Wife And Make Her Squirt,$65.19 ,$49.78 ,$7.47 ,$7.94 ,Hot Hot Films,,,
Horny GILFs,$31.83 ,$29.73 ,$0.00 ,$2.10 ,Hot Hot Films,,,
Trans Threeways,$31.53 ,$26.47 ,$3.00 ,$2.06 ,Hot Hot Films,,,
Mature Cucks,$27.74 ,$22.73 ,$0.00 ,$5.01 ,Hot Hot Films,,,
Mature Trans,$26.57 ,$20.57 ,$5.99 ,$0.00 ,Hot Hot Films,,,
Squirting Hotwives,$25.17 ,$17.67 ,$0.00 ,$7.50 ,Hot Hot Films,,,
Trans Beauties,$23.79 ,$13.29 ,$3.00 ,$7.50 ,Hot Hot Films,,,
Busty Mature Cucks,$20.03 ,$12.54 ,$0.00 ,$7.49 ,Hot Hot Films,,,
Interracial Trans Roommates,$17.20 ,$17.20 ,$0.00 ,$0.00 ,Hot Hot Films,,,
Fuck My Big Tit Wife,$16.52 ,$16.52 ,$0.00 ,$0.00 ,Hot Hot Films,,,
Lesbian Anal Threesomes,$13.66 ,$10.67 ,$3.00 ,$0.00 ,Hot Hot Films,,,
Interracial Lesbians,$13.11 ,$6.53 ,$2.90 ,$3.68 ,Hot Hot Films,,,
Big Tit Matures,$4.62 ,$4.62 ,$0.00 ,$0.00 ,Hot Hot Films,,,
POV Squirters,$3.72 ,$1.57 ,$0.00 ,$2.15 ,Hot Hot Films,$513.00 ,,
Nami Amami: Oil Massage-Interracial Creampie,$5.71 ,$3.61 ,$2.10 ,$0.00 ,Japornxxx,,,
Lily Larimar: Nurse Cure Patient A Threesome Creampie,$5.05 ,$2.95 ,$2.10 ,$0.00 ,Japornxxx,,,
Mio Shido: Soap Girl Interracial Creampie,$4.31 ,$1.61 ,$2.70 ,$0.00 ,Japornxxx,,,
Melody Marks: A Goddess In My Dreams Interracial Creampie,$4.21 ,$0.43 ,$0.00 ,$3.78 ,Japornxxx,,,
Master And Guests Are Welcomed By Maids,$3.88 ,$1.85 ,$2.04 ,$0.00 ,Japornxxx,,,
Mio Shido: Erotic Nurse And BBC Doctor Fuck And Creampie,$3.77 ,$3.77 ,$0.00 ,$0.00 ,Japornxxx,,,
Kimono Girl Interracial Threesome And Creampie,$3.65 ,$3.65 ,$0.00 ,$0.00 ,Japornxxx,,,
Interracial Japanese Creampies,$3.35 ,$3.35 ,$0.00 ,$0.00 ,Japornxxx,,,
Yuzu Nurse Gets A Creampie From A Foreigner Doctor,$2.74 ,$2.74 ,$0.00 ,$0.00 ,Japornxxx,,,
Mio Shido: Big Black Cock Interracial Creampie,$2.62 ,$0.52 ,$2.10 ,$0.00 ,Japornxxx,,,
Sara Otani Kunoichi Vs Big Black Cock Interracial Creampie,$2.56 ,$2.56 ,$0.00 ,$0.00 ,Japornxxx,,,
Keira Croft: Sex Cyborg Double Penetration Creampie,$2.35 ,$2.35 ,$0.00 ,$0.00 ,Japornxxx,,,
Naomi Togo: Soap Girl Interracial Fuck Creampie,$1.93 ,$1.93 ,$0.00 ,$0.00 ,Japornxxx,,,
Asa Tsukino: Japanese Style Special Massage Black Big Cock Fuck Creampie,$1.81 ,$1.81 ,$0.00 ,$0.00 ,Japornxxx,,,
Interracial Japanese Creampies 2,$1.68 ,$1.68 ,$0.00 ,$0.00 ,Japornxxx,,,
Elika: School Gal Vs Teacher's BBC,$1.56 ,$1.56 ,$0.00 ,$0.00 ,Japornxxx,,,
"Alexis Crystal And Kyoko Makise: Foursome Party Of Doctors, Patients And Beatiful Nurses",$1.39 ,$1.39 ,$0.00 ,$0.00 ,Japornxxx,,,
Mone Kamiki: Security Guard Anal Fuck,$1.32 ,$1.32 ,$0.00 ,$0.00 ,Japornxxx,,,
Melody Marks And Kenzie Reeves: The Dick Judgement: Interracial Foursome Creampie,$1.27 ,$1.27 ,$0.00 ,$0.00 ,Japornxxx,,,
Kayley Gunner: Dignity Of A Secretary Threesome,$1.13 ,$1.13 ,$0.00 ,$0.00 ,Japornxxx,,,
Alexis Crystal: Double Penetration After Japanese Onsen,$1.11 ,$1.11 ,$0.00 ,$0.00 ,Japornxxx,,,
Nami Amami: Geisha Beloved Big Black Cock And Creampie,$1.08 ,$1.08 ,$0.00 ,$0.00 ,Japornxxx,,,
Mina Asahi: Geisha Gets D.P. By Yakuza Men,$1.08 ,$1.08 ,$0.00 ,$0.00 ,Japornxxx,,,
Kyoko Makise: Geisha Gangbang Triple Creampie,$1.00 ,$1.00 ,$0.00 ,$0.00 ,Japornxxx,,,
Yuzu: Big Black Cock Boss Vs Japanese Secretary,$1.00 ,$1.00 ,$0.00 ,$0.00 ,Japornxxx,,,
Texas Patti: Man's Final Wish Anal Fucking Creampie,$0.92 ,$0.92 ,$0.00 ,$0.00 ,Japornxxx,,,
Japanese Girls Fucked At Work,$0.81 ,$0.81 ,$0.00 ,$0.00 ,Japornxxx,,,
Mina Asahi: After-School Love Affair Teacher's Threesome Creampie,$0.77 ,$0.77 ,$0.00 ,$0.00 ,Japornxxx,,,
Mio Shido: Office Worker Interracial Threesome,$0.72 ,$0.72 ,$0.00 ,$0.00 ,Japornxxx,,,
Interracial Japanese Threesomes,$0.65 ,$0.65 ,$0.00 ,$0.00 ,Japornxxx,,,
Yuzu: Maid Gets Dirty In A Threesome Creampie,$0.65 ,$0.65 ,$0.00 ,$0.00 ,Japornxxx,,,
Black Big Cock Fucking Reward For Working Overtime,$0.60 ,$0.60 ,$0.00 ,$0.00 ,Japornxxx,,,
Kei Nakamura: First Time Student Threesome And Creampie,$0.56 ,$0.56 ,$0.00 ,$0.00 ,Japornxxx,,,
Keira Croft: Salesgirl Interracial Anal Creampie,$0.52 ,$0.52 ,$0.00 ,$0.00 ,Japornxxx,,,
Kei Nakamura: Big Black Cock Interracial Creampie,$0.46 ,$0.46 ,$0.00 ,$0.00 ,Japornxxx,,,
Kenzie Reeves: Samurai Creampie Training,$0.46 ,$0.46 ,$0.00 ,$0.00 ,Japornxxx,,,
High School Love Memories: Fuck And Creampie In The Classroom,$0.40 ,$0.40 ,$0.00 ,$0.00 ,Japornxxx,,,
Lola Fae: Teaches Her Butler To Fuck Her Ass,$0.39 ,$0.39 ,$0.00 ,$0.00 ,Japornxxx,,,
Jessie Saint: Blonde Goddesses For An Outdoor Creampie,$0.37 ,$0.37 ,$0.00 ,$0.00 ,Japornxxx,,,
Nikole Nash Vacation Anal Fuck And Creampie,$0.37 ,$0.37 ,$0.00 ,$0.00 ,Japornxxx,,,
Aisa Tamano: Big Black Cock Threesome Creampie,$0.34 ,$0.34 ,$0.00 ,$0.00 ,Japornxxx,,,
Kei Nakamura: College Student Gets Big Black Dick Creampie,$0.28 ,$0.28 ,$0.00 ,$0.00 ,Japornxxx,,,
Mio Katsuki: Maid Interracial Threesome,$0.28 ,$0.28 ,$0.00 ,$0.00 ,Japornxxx,,,
Alexis Crystal: Osen-Interracial Creampie,$0.27 ,$0.27 ,$0.00 ,$0.00 ,Japornxxx,,,
Lika Star: Beautiful Onsen Godess Fuck And Creampie,$0.21 ,$0.21 ,$0.00 ,$0.00 ,Japornxxx,,,
Ashley Lane: Travel Gifts And Anal Fuck Creampie,$0.18 ,$0.18 ,$0.00 ,$0.00 ,Japornxxx,,,
Texas Patti: Beverly Hills Memories Double Penetration,$0.18 ,$0.18 ,$0.00 ,$0.00 ,Japornxxx,,,
Nurse Concerns - Doctor's Cure BBC Creampie,$0.09 ,$0.09 ,$0.00 ,$0.00 ,Japornxxx,,,
Anri Tachibana: The Price Of Lying Is Fuck And Cum In Mouth,$0.08 ,$0.08 ,$0.00 ,$0.00 ,Japornxxx,,,
Ashley Lane: Interracial Deep Throat Blowjob,$0.06 ,$0.06 ,$0.00 ,$0.00 ,Japornxxx,,,
Nurse Serves Patients At Fuck And Creampie,$0.05 ,$0.05 ,$0.00 ,$0.00 ,Japornxxx,,,
Asuka Ono: The Patients Last Wish - Interracial Threesome Creampie,$0.01 ,$0.01 ,$0.00 ,$0.00 ,Japornxxx,$72.24 ,,
First Sex Video,$2.50 ,$0.40 ,$2.10 ,$0.00 ,OBOKOZU,,,
Nerdy Waifu Wants Dick,$1.23 ,$1.23 ,$0.00 ,$0.00 ,OBOKOZU,,,
Fuck Me In The Ass,$1.09 ,$1.09 ,$0.00 ,$0.00 ,OBOKOZU,,,
Real Amateur Anal Sex,$1.08 ,$1.08 ,$0.00 ,$0.00 ,OBOKOZU,,,
Hubby Gets Dominated By Mistress Japanese Wife,$0.98 ,$0.98 ,$0.00 ,$0.00 ,OBOKOZU,,,
Horny Japanese Schoolgirl Enjoys White Boyfriend's Cock,$0.66 ,$0.66 ,$0.00 ,$0.00 ,OBOKOZU,,,
Japanese Hot Wife Pervy Husband Gives A Surprise Sex,$0.60 ,$0.60 ,$0.00 ,$0.00 ,OBOKOZU,,,
Japanese Maid Can't Keep Her Booty To Herself,$0.48 ,$0.48 ,$0.00 ,$0.00 ,OBOKOZU,,,
Relaxing With Some Oily Massage Session,$0.31 ,$0.31 ,$0.00 ,$0.00 ,OBOKOZU,,,
First Anal Video,$0.30 ,$0.30 ,$0.00 ,$0.00 ,OBOKOZU,,,
Amateur WMAF Couple,$0.29 ,$0.29 ,$0.00 ,$0.00 ,OBOKOZU,,,
Ahegao Double Peace,$0.26 ,$0.26 ,$0.00 ,$0.00 ,OBOKOZU,,,
Perfect Japanese Wife Never Says No To Her Pervy Husband,$0.21 ,$0.21 ,$0.00 ,$0.00 ,OBOKOZU,,,
Wake Up: Your Beautiful Japanese Wife Is Horny,$0.19 ,$0.19 ,$0.00 ,$0.00 ,OBOKOZU,,,
Ruka Is Having Double The Fun With Her Husband And His Best Friend,$0.19 ,$0.19 ,$0.00 ,$0.00 ,OBOKOZU,,,
No Better Time For... Deep Throating And Fucking,$0.17 ,$0.17 ,$0.00 ,$0.00 ,OBOKOZU,,,
Squirt,$0.15 ,$0.15 ,$0.00 ,$0.00 ,OBOKOZU,,,
Loving Japanese Wife Equals Perfect Valentines Day Sex,$0.14 ,$0.14 ,$0.00 ,$0.00 ,OBOKOZU,,,
Keto Diet Low Calorie Snack,$0.14 ,$0.14 ,$0.00 ,$0.00 ,OBOKOZU,,,
Yoga Wife Gets A Surprise Gift From Husband,$0.13 ,$0.13 ,$0.00 ,$0.00 ,OBOKOZU,,,
Inaugurating Our New Place,$0.11 ,$0.11 ,$0.00 ,$0.00 ,OBOKOZU,,,
Risky Sex On The Balcony,$0.09 ,$0.09 ,$0.00 ,$0.00 ,OBOKOZU,,,
Busty Japanese Exchange Student,$0.07 ,$0.07 ,$0.00 ,$0.00 ,OBOKOZU,,,
Trying Our New POV Helmet,$0.07 ,$0.07 ,$0.00 ,$0.00 ,OBOKOZU,,,
Split Cam Double Dick,$0.07 ,$0.07 ,$0.00 ,$0.00 ,OBOKOZU,,,
Japanese Girlfriend Enjoys Hard Fuck With Vibrating Cock Ring,$0.07 ,$0.07 ,$0.00 ,$0.00 ,OBOKOZU,,,
Horny Japanese GF Won't Let Me Play Video Games Unless I Creampie Her Pussy Every Day,$0.05 ,$0.05 ,$0.00 ,$0.00 ,OBOKOZU,,,
Does My Ass Look Too Nerdy Too Fuck,$0.05 ,$0.05 ,$0.00 ,$0.00 ,OBOKOZU,,,
So Horny In The Morning,$0.04 ,$0.04 ,$0.00 ,$0.00 ,OBOKOZU,,,
Riding Creampie,$0.03 ,$0.03 ,$0.00 ,$0.00 ,OBOKOZU,,,
Intense Doggystyle Japanese Dirty Talk,$0.03 ,$0.03 ,$0.00 ,$0.00 ,OBOKOZU,,,
Horny Asian Girlfriend Gives A Surprise Sex,$0.01 ,$0.01 ,$0.00 ,$0.00 ,OBOKOZU,,,
Missed You,$0.01 ,$0.01 ,$0.00 ,$0.00 ,OBOKOZU,,,
The New Depth Controlled Vibrator,$0.01 ,$0.01 ,$0.00 ,$0.00 ,OBOKOZU,,,
Kinky Nip Shibari,$0.01 ,$0.01 ,$0.00 ,$0.00 ,OBOKOZU,,,
Fixing The LED Light,$0.00 ,$0.00 ,$0.00 ,$0.00 ,OBOKOZU,$11.82 ,,
Put it in My Ass-MILF Anal,$13.36 ,$6.18 ,$5.39 ,$1.79 ,"PornMegaLoad, The Score Group",,,
Cum On My Teen (18+) Face,$4.13 ,$2.98 ,$0.00 ,$1.15 ,"PornMegaLoad, The Score Group",,,
40 Year Olds With 40 Inches Of Ass,$2.97 ,$0.44 ,$0.00 ,$2.53 ,"PornMegaLoad, The Score Group",,,
Ass Fucked at 50,$1.40 ,$1.40 ,$0.00 ,$0.00 ,"PornMegaLoad, The Score Group",,,
Black Cock Addicted MILFs,$1.24 ,$1.24 ,$0.00 ,$0.00 ,"PornMegaLoad, The Score Group",,,
DP'ed Big Titty MILFs,$2.88 ,$1.01 ,$0.00 ,$1.87 ,"PornMegaLoad, The Score Group",,,
GILFs Love Black Cock,$44.31 ,$31.73 ,$3.00 ,$9.59 ,"PornMegaLoad, The Score Group",,,
Livin' The Fuckin' Life The Golden Years,$11.80 ,$9.23 ,$0.00 ,$2.58 ,"PornMegaLoad, The Score Group",,,
MILFs Say Fuck My Ass,$10.09 ,$5.89 ,$0.00 ,$4.20 ,"PornMegaLoad, The Score Group",,,
Divorced And Dying For Big Dick,$9.64 ,$4.73 ,$3.00 ,$1.91 ,"PornMegaLoad, The Score Group",,,
Deep In My Ass Please,$8.32 ,$3.46 ,$3.00 ,$1.87 ,"PornMegaLoad, The Score Group",,,
Over 50 Anal Fucking,$6.58 ,$2.78 ,$2.70 ,$1.11 ,"PornMegaLoad, The Score Group",,,
DP'ed At 60,$5.99 ,$5.99 ,$0.00 ,$0.00 ,"PornMegaLoad, The Score Group",,,
Cum Inside 50 Year Old Trophy Wives,$5.35 ,$4.42 ,$0.00 ,$0.93 ,"PornMegaLoad, The Score Group",,,
Pussy Pierced MILFs And GILFs 2,$4.74 ,$2.85 ,$0.00 ,$1.89 ,"PornMegaLoad, The Score Group",,,
Dirty Talking GILFs,$4.63 ,$4.63 ,$0.00 ,$0.00 ,"PornMegaLoad, The Score Group",,,
Hiring The Help,$3.61 ,$3.61 ,$0.00 ,$0.00 ,"PornMegaLoad, The Score Group",,,
Cock-Crazy Grannies,$3.47 ,$3.47 ,$0.00 ,$0.00 ,"PornMegaLoad, The Score Group",,,
MILF Imports,$3.44 ,$0.75 ,$2.70 ,$0.00 ,"PornMegaLoad, The Score Group",,,
Gigantic MILF Titties,$3.42 ,$0.93 ,$0.00 ,$2.49 ,"PornMegaLoad, The Score Group",,,
Cum On Mommy's Face,$3.40 ,$0.71 ,$2.70 ,$0.00 ,"PornMegaLoad, The Score Group",,,
MILFs Cuckoo For Cocoa Cock,$3.27 ,$3.27 ,$0.00 ,$0.00 ,"PornMegaLoad, The Score Group",,,
My Grandma Does Anal,$3.09 ,$3.09 ,$0.00 ,$0.00 ,"PornMegaLoad, The Score Group",,,
My Debut On Dick,$3.04 ,$0.34 ,$2.70 ,$0.00 ,"PornMegaLoad, The Score Group",,,
Tanned Moms With Huge Tits,$2.87 ,$2.87 ,$0.00 ,$0.00 ,"PornMegaLoad, The Score Group",,,
Bushes Of MILF,$2.71 ,$2.71 ,$0.00 ,$0.00 ,"PornMegaLoad, The Score Group",,,
GILF Monster Tits,$2.66 ,$2.66 ,$0.00 ,$0.00 ,"PornMegaLoad, The Score Group",,,
Fit And Fucked At 50,$2.48 ,$1.05 ,$0.00 ,$1.43 ,"PornMegaLoad, The Score Group",,,
Ass Fucking 50 Year Olds,$2.47 ,$0.76 ,$0.00 ,$1.71 ,"PornMegaLoad, The Score Group",,,
60 Year Old Anal Silver Foxes,$2.28 ,$2.28 ,$0.00 ,$0.00 ,"PornMegaLoad, The Score Group",,,
DD MILFs DP'ed,$2.14 ,$1.00 ,$0.00 ,$1.14 ,"PornMegaLoad, The Score Group",,,
Over The Hill Anal MILFs,$2.10 ,$2.10 ,$0.00 ,$0.00 ,"PornMegaLoad, The Score Group",,,
Big Tit 50 Year Old Booty,$1.45 ,$1.45 ,$0.00 ,$0.00 ,"PornMegaLoad, The Score Group",,,
Getting Sexier With Age,$0.72 ,$0.72 ,$0.00 ,$0.00 ,"PornMegaLoad, The Score Group",,,
Big Tit MILF Squirters,$0.63 ,$0.63 ,$0.00 ,$0.00 ,"PornMegaLoad, The Score Group",,,
MILFs Get Piledriven,$0.60 ,$0.60 ,$0.00 ,$0.00 ,"PornMegaLoad, The Score Group",,,
Granny Goes Black,$22.57 ,$10.03 ,$3.00 ,$9.54 ,"PornMegaLoad, The Score Group",,,
My Other Mother,$15.57 ,$7.27 ,$5.28 ,$3.03 ,"PornMegaLoad, The Score Group",,,
Cum On Grandma's Face,$15.18 ,$9.18 ,$5.99 ,$0.00 ,"PornMegaLoad, The Score Group",,,
Don't Tell My Daughter,$15.16 ,$11.05 ,$0.00 ,$4.11 ,"PornMegaLoad, The Score Group",,,
55 Plus Busty Anal GILFs,$13.32 ,$11.81 ,$0.00 ,$1.51 ,"PornMegaLoad, The Score Group",,,
Ass Fucked At 60,$11.35 ,$5.35 ,$0.00 ,$6.00 ,"PornMegaLoad, The Score Group",,,
Big Tit Boomers,$6.98 ,$2.96 ,$0.00 ,$4.01 ,"PornMegaLoad, The Score Group",,,
Fucking My Son's Friend,$6.96 ,$4.60 ,$2.35 ,$0.00 ,"PornMegaLoad, The Score Group",,,
Angels 60 To 76 Year Old GILFS,$6.96 ,$6.96 ,$0.00 ,$0.00 ,"PornMegaLoad, The Score Group",,,
I Fuck My Son's Friends,$6.67 ,$3.97 ,$2.70 ,$0.00 ,"PornMegaLoad, The Score Group",,,
Natty MILF Mega Tits,$6.66 ,$4.10 ,$2.56 ,$0.00 ,"PornMegaLoad, The Score Group",,,
DP Granny,$6.58 ,$4.90 ,$0.00 ,$1.68 ,"PornMegaLoad, The Score Group",,,
50 Year Old Anal Loving GILFs,$6.33 ,$3.29 ,$0.00 ,$3.04 ,"PornMegaLoad, The Score Group",,,
Come Help Your Stepmother,$5.52 ,$5.52 ,$0.00 ,$0.00 ,"PornMegaLoad, The Score Group",,,
Taste My Asian Teen (18+) Pussy,$5.32 ,$3.03 ,$0.00 ,$2.29 ,"PornMegaLoad, The Score Group",,,
"60, Sexy And Still Fucking",$5.15 ,$5.15 ,$0.00 ,$0.00 ,"PornMegaLoad, The Score Group",,,
50YO First Timers,$4.89 ,$3.85 ,$0.00 ,$1.04 ,"PornMegaLoad, The Score Group",,,
Do You Wanna Fuck My Ass,$4.89 ,$2.19 ,$2.70 ,$0.00 ,"PornMegaLoad, The Score Group",,,
Ass Fucked Big Tit Stepmoms,$4.76 ,$4.76 ,$0.00 ,$0.00 ,"PornMegaLoad, The Score Group",,,
Mega Titty MILFs,$4.41 ,$2.80 ,$0.00 ,$1.61 ,"PornMegaLoad, The Score Group",,,
Matures Want Anal,$4.18 ,$2.47 ,$0.00 ,$1.70 ,"PornMegaLoad, The Score Group",,,
"Bushy, Big-Titted MILFs",$4.17 ,$2.82 ,$0.00 ,$1.35 ,"PornMegaLoad, The Score Group",,,
MILFs With Ass 2,$3.75 ,$2.25 ,$0.00 ,$1.51 ,"PornMegaLoad, The Score Group",,,
Pussy Pierced MILFs And GILFs,$3.43 ,$1.93 ,$0.00 ,$1.50 ,"PornMegaLoad, The Score Group",,,
Huge Size H Titties,$3.12 ,$0.42 ,$2.70 ,$0.00 ,"PornMegaLoad, The Score Group",,,
Mamasan MILFs And GILFs,$2.98 ,$1.74 ,$0.00 ,$1.24 ,"PornMegaLoad, The Score Group",,,
Big Tit 40 Plus MILFs,$2.73 ,$2.73 ,$0.00 ,$0.00 ,"PornMegaLoad, The Score Group",,,
Teachers Turn 2 Porn,$2.65 ,$1.23 ,$0.00 ,$1.41 ,"PornMegaLoad, The Score Group",,,
MILF Tits Supersized,$2.49 ,$2.49 ,$0.00 ,$0.00 ,"PornMegaLoad, The Score Group",,,
60 Plus Anal Fucking,$2.20 ,$2.20 ,$0.00 ,$0.00 ,"PornMegaLoad, The Score Group",,,
Big Tit Thick MILFs,$2.12 ,$2.12 ,$0.00 ,$0.00 ,"PornMegaLoad, The Score Group",,,
Ass Fucked At 40,$2.11 ,$2.11 ,$0.00 ,$0.00 ,"PornMegaLoad, The Score Group",,,
Big Titty Grannies,$2.08 ,$2.08 ,$0.00 ,$0.00 ,"PornMegaLoad, The Score Group",,,
Big Cock For Granny,$1.71 ,$1.71 ,$0.00 ,$0.00 ,"PornMegaLoad, The Score Group",,,
MILFs Of Prague,$1.61 ,$0.43 ,$0.00 ,$1.18 ,"PornMegaLoad, The Score Group",,,
40in Black Gyatt Girls,$1.55 ,$1.55 ,$0.00 ,$0.00 ,"PornMegaLoad, The Score Group",,,
2 Cocks Vs 1 Granny,$1.54 ,$1.54 ,$0.00 ,$0.00 ,"PornMegaLoad, The Score Group",,,
MILF Facials,$1.46 ,$1.46 ,$0.00 ,$0.00 ,"PornMegaLoad, The Score Group",,,
Bushy Teen (18+) Facials,$1.40 ,$1.40 ,$0.00 ,$0.00 ,"PornMegaLoad, The Score Group",,,
FUPA BBW Fucking,$1.28 ,$1.28 ,$0.00 ,$0.00 ,"PornMegaLoad, The Score Group",,,
Fucking My Son's Friend 2,$1.26 ,$1.26 ,$0.00 ,$0.00 ,"PornMegaLoad, The Score Group",,,
His Wife Has Bigger Tits Than Mine,$1.19 ,$1.19 ,$0.00 ,$0.00 ,"PornMegaLoad, The Score Group",,,
GILFs Love Cocoa Cock,$1.18 ,$1.18 ,$0.00 ,$0.00 ,"PornMegaLoad, The Score Group",,,
Porn Debut At 50,$1.14 ,$1.14 ,$0.00 ,$0.00 ,"PornMegaLoad, The Score Group",,,
Busty Prime MILF Pussy,$1.13 ,$1.13 ,$0.00 ,$0.00 ,"PornMegaLoad, The Score Group",,,
MILFs With Ass,$1.03 ,$1.03 ,$0.00 ,$0.00 ,"PornMegaLoad, The Score Group",,,
DD MILF POV,$0.95 ,$0.95 ,$0.00 ,$0.00 ,"PornMegaLoad, The Score Group",,,
Cum On My Cute Teen (18+) Face,$0.92 ,$0.92 ,$0.00 ,$0.00 ,"PornMegaLoad, The Score Group",,,
Big G-Cup Natural Tits,$0.76 ,$0.76 ,$0.00 ,$0.00 ,"PornMegaLoad, The Score Group",,,
MILF Facials 2,$0.73 ,$0.73 ,$0.00 ,$0.00 ,"PornMegaLoad, The Score Group",,,
Cover My Face In Cum,$0.64 ,$0.64 ,$0.00 ,$0.00 ,"PornMegaLoad, The Score Group",,,
MILFs Big Tits And Tattoos,$0.60 ,$0.60 ,$0.00 ,$0.00 ,"PornMegaLoad, The Score Group",,,
MILF Tan Lines,$0.54 ,$0.54 ,$0.00 ,$0.00 ,"PornMegaLoad, The Score Group",,,
Big Tit Tattooed MILFs,$0.45 ,$0.45 ,$0.00 ,$0.00 ,"PornMegaLoad, The Score Group",,,
Holy Fucking Tits 2,$0.38 ,$0.38 ,$0.00 ,$0.00 ,"PornMegaLoad, The Score Group",,,
Holy Fucking Tits,$0.32 ,$0.32 ,$0.00 ,$0.00 ,"PornMegaLoad, The Score Group",,,
I'm Just 19,$0.30 ,$0.30 ,$0.00 ,$0.00 ,"PornMegaLoad, The Score Group",$424.59 ,,
Flash,$1.04 ,$0.11 ,$0.00 ,$0.94 ,Rebecca Lord Productions,,,
Hitch,$0.84 ,$0.12 ,$0.00 ,$0.72 ,Rebecca Lord Productions,,,
Naughty Sitters,$0.33 ,$0.33 ,$0.00 ,$0.00 ,Rebecca Lord Productions,,,
Gang Bang MILF,$0.25 ,$0.25 ,$0.00 ,$0.00 ,Rebecca Lord Productions,,,
Misha Cross Is The Trick Advisor,$0.25 ,$0.25 ,$0.00 ,$0.00 ,Rebecca Lord Productions,,,
Pink Is The New Black,$0.22 ,$0.22 ,$0.00 ,$0.00 ,Rebecca Lord Productions,,,
Maid Rules,$0.15 ,$0.15 ,$0.00 ,$0.00 ,Rebecca Lord Productions,,,
Pure Sex: Riding The Threeways,$0.12 ,$0.12 ,$0.00 ,$0.00 ,Rebecca Lord Productions,,,
Vanished,$0.02 ,$0.02 ,$0.00 ,$0.00 ,Rebecca Lord Productions,,,
Pandora's Box 2,$0.13 ,$0.13 ,$0.00 ,$0.00 ,Rebecca Lord Productions,$3.35 ,,
Major GILFs,$75.34 ,$68.91 ,$3.00 ,$3.44 ,Rome Major Productions,,,
Major MILFs,$23.63 ,$20.18 ,$1.47 ,$1.97 ,Rome Major Productions,,,
MILFs Get Major Work,$16.61 ,$13.61 ,$3.00 ,$0.00 ,Rome Major Productions,,,
Incredibly Flavorful Fuck,$11.19 ,$6.39 ,$0.00 ,$4.79 ,Rome Major Productions,,,
Mini Showers,$10.87 ,$8.47 ,$2.40 ,$0.00 ,Rome Major Productions,,,
Dick N Attention,$9.59 ,$4.79 ,$0.00 ,$4.79 ,Rome Major Productions,,,
Fuckin Thee Boss,$8.40 ,$3.60 ,$0.00 ,$4.80 ,Rome Major Productions,,,
Poolside BBC Massage At Your Service,$6.83 ,$5.63 ,$1.20 ,$0.00 ,Rome Major Productions,,,
Lilith The Goddess Makes My Day,$5.53 ,$5.53 ,$0.00 ,$0.00 ,Rome Major Productions,,,
Foursome Interracial Fucking,$3.51 ,$1.12 ,$2.40 ,$0.00 ,Rome Major Productions,,,
Rim My Black Ass,$2.08 ,$2.08 ,$0.00 ,$0.00 ,Rome Major Productions,,,
2 Girls Tag Team Black Dick,$1.28 ,$1.28 ,$0.00 ,$0.00 ,Rome Major Productions,,,
After School Snack,$1.19 ,$1.19 ,$0.00 ,$0.00 ,Rome Major Productions,,,
Latinas Like It Black,$1.00 ,$1.00 ,$0.00 ,$0.00 ,Rome Major Productions,,,
Goddess Makes My Day,$0.55 ,$0.55 ,$0.00 ,$0.00 ,Rome Major Productions,,,
New Neighbor Pool Smash,$0.51 ,$0.51 ,$0.00 ,$0.00 ,Rome Major Productions,,,
Fucking Forgive Me,$0.50 ,$0.50 ,$0.00 ,$0.00 ,Rome Major Productions,,,
Sexy New Neighbor Pickup,$0.49 ,$0.49 ,$0.00 ,$0.00 ,Rome Major Productions,,,
Double Teaming,$0.33 ,$0.33 ,$0.00 ,$0.00 ,Rome Major Productions,,,
Pulling Up On Thick Red,$0.32 ,$0.32 ,$0.00 ,$0.00 ,Rome Major Productions,,,
All Love With Chanell,$0.29 ,$0.29 ,$0.00 ,$0.00 ,Rome Major Productions,,,
Nerding Out,$0.23 ,$0.23 ,$0.00 ,$0.00 ,Rome Major Productions,,,
Ms. Yummy Nurses My Cock,$0.21 ,$0.21 ,$0.00 ,$0.00 ,Rome Major Productions,,,
2 Or More Big Black Cocks,$0.19 ,$0.19 ,$0.00 ,$0.00 ,Rome Major Productions,,,
2 Queens,$0.18 ,$0.18 ,$0.00 ,$0.00 ,Rome Major Productions,,,
Ready For Valentines,$0.17 ,$0.17 ,$0.00 ,$0.00 ,Rome Major Productions,,,
5 Star Fuck In Miami,$0.15 ,$0.15 ,$0.00 ,$0.00 ,Rome Major Productions,,,
Creeping,$0.13 ,$0.13 ,$0.00 ,$0.00 ,Rome Major Productions,,,
Meeting In The Motel,$0.12 ,$0.12 ,$0.00 ,$0.00 ,Rome Major Productions,,,
Twerk Fest Threesome,$0.08 ,$0.08 ,$0.00 ,$0.00 ,Rome Major Productions,,,
Date Night 3: Interracial Edition,$0.07 ,$0.07 ,$0.00 ,$0.00 ,Rome Major Productions,,,
Waiting On Stepdaddy Major,$0.05 ,$0.05 ,$0.00 ,$0.00 ,Rome Major Productions,,,
Major Creampie,$0.05 ,$0.05 ,$0.00 ,$0.00 ,Rome Major Productions,,,
The Bro Code,$0.04 ,$0.04 ,$0.00 ,$0.00 ,Rome Major Productions,,,
Major Work,$0.02 ,$0.02 ,$0.00 ,$0.00 ,Rome Major Productions,,,
Fucking On Her Birthday,$0.01 ,$0.01 ,$0.00 ,$0.00 ,Rome Major Productions,$181.74 ,,
Fixated On Anal,$3.13 ,$0.62 ,$0.00 ,$2.51 ,"Simply Anal, Puffy Network",,,
All Girl Anal Amateurs,$0.84 ,$0.84 ,$0.00 ,$0.00 ,"Simply Anal, Puffy Network",,,
Craving Anal,$0.26 ,$0.26 ,$0.00 ,$0.00 ,"Simply Anal, Puffy Network",,,
Invitation To Anal,$0.21 ,$0.21 ,$0.00 ,$0.00 ,"Simply Anal, Puffy Network",,,
Anal Temptation,$0.21 ,$0.21 ,$0.00 ,$0.00 ,"Simply Anal, Puffy Network",,,
Anal Aphrodites,$0.19 ,$0.19 ,$0.00 ,$0.00 ,"Simply Anal, Puffy Network",,,
Addicted To Anal,$0.14 ,$0.14 ,$0.00 ,$0.00 ,"Simply Anal, Puffy Network",$4.98 ,,
Granny Did A Porno,$79.80 ,$55.15 ,$7.37 ,$17.28 ,The Score Group,,,
Fuck My Grandma,$75.57 ,$56.87 ,$3.00 ,$15.71 ,The Score Group,,,
Your Mom Loves Anal 5,$51.46 ,$31.97 ,$0.00 ,$19.50 ,The Score Group,,,
Ass-Fucked Grannies,$48.85 ,$35.76 ,$1.50 ,$11.60 ,The Score Group,,,
Scoring A Busty Bimbo,$45.53 ,$23.41 ,$5.99 ,$16.12 ,The Score Group,,,
BBC Infidelity 3,$38.43 ,$30.82 ,$5.99 ,$1.61 ,The Score Group,,,
MILF Fuck Show 2,$34.72 ,$18.15 ,$2.92 ,$13.65 ,The Score Group,,,
Newcummers 6,$34.41 ,$20.95 ,$3.00 ,$10.47 ,The Score Group,,,
Vintage Vixens,$30.78 ,$23.37 ,$0.00 ,$7.41 ,The Score Group,,,
Seasoned Sluts 2,$28.23 ,$22.30 ,$2.93 ,$3.00 ,The Score Group,,,
Big Racks Hot MILFs Hardcut 14,$28.16 ,$24.60 ,$0.00 ,$3.57 ,The Score Group,,,
Naughty First Timers X-Cut 7,$20.54 ,$17.54 ,$3.00 ,$0.00 ,The Score Group,,,
Honey Cunnies X-Cut 22,$17.38 ,$9.68 ,$3.00 ,$4.70 ,The Score Group,,,
MILF Show X-Cut 13,$16.18 ,$12.26 ,$3.00 ,$0.92 ,The Score Group,,,
Teens (18+) Can Squirt Too,$13.82 ,$4.67 ,$0.00 ,$9.15 ,The Score Group,,,
A Creampie For Granny 6,$12.06 ,$6.95 ,$0.00 ,$5.11 ,The Score Group,,,
The Dirtiest GILFs,$11.64 ,$11.64 ,$0.00 ,$0.00 ,The Score Group,,,
Score Girls X-Cut 7,$11.38 ,$4.08 ,$7.30 ,$0.00 ,The Score Group,,,
Granny Loves Young Cock 5,$11.18 ,$10.16 ,$0.00 ,$1.02 ,The Score Group,,,
Newcummers 5,$10.38 ,$3.02 ,$0.00 ,$7.36 ,The Score Group,,,
Big Racks Hot MILFs Hardcut 13,$9.75 ,$6.76 ,$3.00 ,$0.00 ,The Score Group,,,
60 Plus MILFs 13,$9.58 ,$5.99 ,$1.20 ,$2.39 ,The Score Group,,,
Did You See Me Squirt,$9.49 ,$7.91 ,$0.00 ,$1.58 ,The Score Group,,,
60 Plus MILFs 12,$8.59 ,$7.18 ,$0.00 ,$1.41 ,The Score Group,,,
60 Plus MILFs 10,$8.18 ,$8.18 ,$0.00 ,$0.00 ,The Score Group,,,
All Stacked All Natural X-Cut 17,$8.03 ,$1.39 ,$0.00 ,$6.63 ,The Score Group,,,
50 Plus MILFs 16,$7.60 ,$6.67 ,$0.00 ,$0.93 ,The Score Group,,,
Cum Bombs For Grannies,$7.13 ,$4.56 ,$0.00 ,$2.58 ,The Score Group,,,
50 Plus MILFs 9: Anal Edition,$7.10 ,$7.10 ,$0.00 ,$0.00 ,The Score Group,,,
MILF IR,$6.82 ,$6.82 ,$0.00 ,$0.00 ,The Score Group,,,
I Fucked My Neighbor 4,$6.58 ,$1.72 ,$0.00 ,$4.86 ,The Score Group,,,
Horny 50 Plus MILF's X-Cut 14,$6.32 ,$6.32 ,$0.00 ,$0.00 ,The Score Group,,,
Your Mom Loves Anal 3,$6.26 ,$5.24 ,$0.00 ,$1.02 ,The Score Group,,,
MILFs Vs The Machines,$5.90 ,$5.06 ,$0.00 ,$0.84 ,The Score Group,,,
Honey Cunnies X-Cut 16,$5.85 ,$2.85 ,$3.00 ,$0.00 ,The Score Group,,,
60 Plus MILFs 11,$5.65 ,$4.59 ,$0.00 ,$1.06 ,The Score Group,,,
Honey Cunnies X-Cut 15,$5.52 ,$2.53 ,$3.00 ,$0.00 ,The Score Group,,,
Samantha 38G,$5.48 ,$2.49 ,$3.00 ,$0.00 ,The Score Group,,,
Fuckin' Naturals 4,$5.01 ,$1.30 ,$2.66 ,$1.05 ,The Score Group,,,
Ultimate Holly Garner,$4.86 ,$4.86 ,$0.00 ,$0.00 ,The Score Group,,,
Granny Loves Young Cock 6,$4.78 ,$2.84 ,$0.00 ,$1.94 ,The Score Group,,,
40 And Fucked 7,$4.73 ,$1.29 ,$2.35 ,$1.10 ,The Score Group,,,
Honey Cunnies X-Cut 13,$4.69 ,$1.58 ,$0.00 ,$3.10 ,The Score Group,,,
Ready For Stuffing X-Cut 13,$4.57 ,$1.57 ,$3.00 ,$0.00 ,The Score Group,,,
The Dirtiest Score Girls,$4.34 ,$4.34 ,$0.00 ,$0.00 ,The Score Group,,,
Score Girls X-Cut,$4.32 ,$1.32 ,$3.00 ,$0.00 ,The Score Group,,,
Teacher's Pussy Pet,$4.28 ,$0.71 ,$2.62 ,$0.95 ,The Score Group,,,
I Fucked My Neighbor 3,$4.21 ,$1.60 ,$2.61 ,$0.00 ,The Score Group,,,
50 Plus MILFs 15,$4.15 ,$1.83 ,$0.00 ,$2.33 ,The Score Group,,,
Ass-Fucked Moms,$3.86 ,$1.16 ,$2.70 ,$0.00 ,The Score Group,,,
Mega Tits Minka,$3.84 ,$1.15 ,$2.70 ,$0.00 ,The Score Group,,,
40 And Fucked 8,$3.80 ,$1.24 ,$0.00 ,$2.56 ,The Score Group,,,
After School Slut Club 10,$3.76 ,$2.69 ,$0.00 ,$1.07 ,The Score Group,,,
Granny Loves Young Cock 3,$3.64 ,$2.63 ,$0.00 ,$1.01 ,The Score Group,,,
Dick Hungry MILFs 8,$3.58 ,$2.45 ,$0.00 ,$1.12 ,The Score Group,,,
Super Sized Sluts X-Cut 2,$3.50 ,$0.50 ,$3.00 ,$0.00 ,The Score Group,,,
Amateur Cunts X-Cut 7,$3.47 ,$0.78 ,$2.70 ,$0.00 ,The Score Group,,,
Itty Bitty Slitties 2,$3.42 ,$1.89 ,$0.00 ,$1.54 ,The Score Group,,,
Teen (18+) Bait 4,$3.40 ,$0.70 ,$2.70 ,$0.00 ,The Score Group,,,
Horny 50 Plus MILF's X-Cut 15,$3.30 ,$3.30 ,$0.00 ,$0.00 ,The Score Group,,,
Fuck My Step Mom 3,$3.04 ,$2.18 ,$0.00 ,$0.86 ,The Score Group,,,
MILF Show X-Cut 5,$2.84 ,$2.84 ,$0.00 ,$0.00 ,The Score Group,,,
Horny 50 Plus MILF's X-Cut 16,$2.82 ,$1.89 ,$0.00 ,$0.93 ,The Score Group,,,
Naughty First Timers X-Cut 15,$2.43 ,$2.43 ,$0.00 ,$0.00 ,The Score Group,,,
Honey Cunnies X-Cut 18,$2.39 ,$1.42 ,$0.00 ,$0.97 ,The Score Group,,,
Amateur Cunts X-Cut 8,$2.29 ,$1.09 ,$1.20 ,$0.00 ,The Score Group,,,
Ready For Stuffing X-Cut 14,$2.21 ,$1.43 ,$0.00 ,$0.78 ,The Score Group,,,
40 And Fucked 4,$2.18 ,$1.11 ,$0.00 ,$1.06 ,The Score Group,,,
Tag-Teaming Grannies 3,$2.14 ,$2.14 ,$0.00 ,$0.00 ,The Score Group,,,
Big Racks Hot MILFs Hardcut 11,$2.02 ,$1.17 ,$0.00 ,$0.85 ,The Score Group,,,
"Bangin' Big, Busty Babes",$1.97 ,$1.97 ,$0.00 ,$0.00 ,The Score Group,,,
Naughty First Timers X-Cut 8,$1.90 ,$1.17 ,$0.00 ,$0.72 ,The Score Group,,,
40 And Fucked 6,$1.87 ,$0.56 ,$0.00 ,$1.31 ,The Score Group,,,
MILF Show X-Cut 12,$1.87 ,$1.87 ,$0.00 ,$0.00 ,The Score Group,,,
Busty Fucks 2,$1.77 ,$1.77 ,$0.00 ,$0.00 ,The Score Group,,,
MILF Show X-Cut 6,$1.77 ,$1.77 ,$0.00 ,$0.00 ,The Score Group,,,
Score Girls X-Cut 8,$1.75 ,$1.75 ,$0.00 ,$0.00 ,The Score Group,,,
Naughty First Timers X-Cut 9,$1.74 ,$1.74 ,$0.00 ,$0.00 ,The Score Group,,,
40 And Fucked 5,$1.71 ,$0.67 ,$0.00 ,$1.05 ,The Score Group,,,
Teens (18+) In Need 2,$1.71 ,$1.71 ,$0.00 ,$0.00 ,The Score Group,,,
Score Girls X-Cut 3,$1.66 ,$1.66 ,$0.00 ,$0.00 ,The Score Group,,,
Your Mom Did This,$1.56 ,$0.57 ,$0.00 ,$0.98 ,The Score Group,,,
50 Plus MILFs 14,$1.55 ,$1.55 ,$0.00 ,$0.00 ,The Score Group,,,
Honey Cunnies X-Cut 14,$1.55 ,$0.87 ,$0.00 ,$0.68 ,The Score Group,,,
Honey Cunnies X-Cut 21,$1.54 ,$1.54 ,$0.00 ,$0.00 ,The Score Group,,,
Dick Hungry MILFs 4,$1.53 ,$1.53 ,$0.00 ,$0.00 ,The Score Group,,,
Amateur Cunts X-Cut 9,$1.51 ,$1.51 ,$0.00 ,$0.00 ,The Score Group,,,
Horny 60 Plus MILFs X-Cut 5,$1.51 ,$1.51 ,$0.00 ,$0.00 ,The Score Group,,,
"What's That On Your Face, Grandma",$1.48 ,$1.48 ,$0.00 ,$0.00 ,The Score Group,,,
Horny 60 Plus MILFs X-Cut 2,$1.44 ,$1.44 ,$0.00 ,$0.00 ,The Score Group,,,
MILF Show X-Cut 4,$1.44 ,$1.44 ,$0.00 ,$0.00 ,The Score Group,,,
Big Racks Hot MILFs Hardcut 12,$1.40 ,$1.40 ,$0.00 ,$0.00 ,The Score Group,,,
All Stacked All Natural X-Cut 19,$1.37 ,$1.37 ,$0.00 ,$0.00 ,The Score Group,,,
Brickhouse Babes 2,$1.31 ,$1.31 ,$0.00 ,$0.00 ,The Score Group,,,
Horny 50 Plus MILF's X-Cut 18,$1.30 ,$1.30 ,$0.00 ,$0.00 ,The Score Group,,,
All Stacked All Natural X-Cut 18,$1.25 ,$1.25 ,$0.00 ,$0.00 ,The Score Group,,,
MILF Show X-Cut 10,$1.25 ,$1.25 ,$0.00 ,$0.00 ,The Score Group,,,
Honey Cunnies X-Cut 20,$1.22 ,$0.60 ,$0.00 ,$0.62 ,The Score Group,,,
Desperate MILFs 2,$1.22 ,$1.22 ,$0.00 ,$0.00 ,The Score Group,,,
Horny 60 Plus MILF's X-Cut 3,$1.18 ,$1.18 ,$0.00 ,$0.00 ,The Score Group,,,
Horny 60 Plus MILFs X-Cut 4,$1.18 ,$1.18 ,$0.00 ,$0.00 ,The Score Group,,,
Horny 60 Plus MILFs X-Cut,$1.13 ,$1.13 ,$0.00 ,$0.00 ,The Score Group,,,
Horny 50 Plus MILF's X-Cut 2,$1.05 ,$1.05 ,$0.00 ,$0.00 ,The Score Group,,,
Dick Hungry MILFs 3,$1.04 ,$1.04 ,$0.00 ,$0.00 ,The Score Group,,,
Stacked To The Max X-Cut 2,$0.99 ,$0.99 ,$0.00 ,$0.00 ,The Score Group,,,
40 And Fucked 3,$0.92 ,$0.92 ,$0.00 ,$0.00 ,The Score Group,,,
Score Girls X-Cut 5,$0.92 ,$0.92 ,$0.00 ,$0.00 ,The Score Group,,,
Granny Loves BBC Hardcut 4,$0.91 ,$0.91 ,$0.00 ,$0.00 ,The Score Group,,,
Score Girls X-Cut 4,$0.81 ,$0.81 ,$0.00 ,$0.00 ,The Score Group,,,
"Your Mom, My Meat",$0.80 ,$0.80 ,$0.00 ,$0.00 ,The Score Group,,,
40 And Fucked 2,$0.79 ,$0.79 ,$0.00 ,$0.00 ,The Score Group,,,
Score Girls X-Cut 2,$0.75 ,$0.75 ,$0.00 ,$0.00 ,The Score Group,,,
Glazed Cougars 5,$0.71 ,$0.71 ,$0.00 ,$0.00 ,The Score Group,,,
Score Girls X-Cut 6,$0.66 ,$0.66 ,$0.00 ,$0.00 ,The Score Group,,,
Katy Ann,$0.63 ,$0.63 ,$0.00 ,$0.00 ,The Score Group,,,
Naughty School Girls,$0.61 ,$0.61 ,$0.00 ,$0.00 ,The Score Group,,,
Dick Hungry MILFs 7,$0.59 ,$0.59 ,$0.00 ,$0.00 ,The Score Group,,,
Horny 60 Plus MILF's X-Cut 6,$0.59 ,$0.59 ,$0.00 ,$0.00 ,The Score Group,,,
Dick Hungry MILFs 2,$0.48 ,$0.48 ,$0.00 ,$0.00 ,The Score Group,,,
Cheryl Blossom,$0.45 ,$0.45 ,$0.00 ,$0.00 ,The Score Group,,,
Ready For Stuffing X-Cut 12,$0.41 ,$0.41 ,$0.00 ,$0.00 ,The Score Group,,,
Doin' Your Mom,$0.40 ,$0.40 ,$0.00 ,$0.00 ,The Score Group,,,
Allie Pearson,$0.39 ,$0.39 ,$0.00 ,$0.00 ,The Score Group,,,
Horny 50 Plus MILF's X-Cut 17,$0.34 ,$0.34 ,$0.00 ,$0.00 ,The Score Group,,,
Dick Hungry MILFs 5,$0.30 ,$0.30 ,$0.00 ,$0.00 ,The Score Group,,,
Stacked To The Max X-Cut,$0.24 ,$0.24 ,$0.00 ,$0.00 ,The Score Group,,,
Super Sized Sluts X-Cut,$0.24 ,$0.24 ,$0.00 ,$0.00 ,The Score Group,,,
Dick Hungry MILFs 6,$0.21 ,$0.21 ,$0.00 ,$0.00 ,The Score Group,,,
MILF Show X-Cut 11,$0.15 ,$0.15 ,$0.00 ,$0.00 ,The Score Group,$929.22 ,,
Teen (18+) Bait 5,$26.42 ,$14.84 ,$5.99 ,$5.58 ,"The Score Group, 18 Eighteen",,,
18Eighteen School Girls,$17.29 ,$9.61 ,$5.91 ,$1.77 ,"The Score Group, 18 Eighteen",,,
Teens Love Older Men,$14.16 ,$9.69 ,$2.92 ,$1.56 ,"The Score Group, 18 Eighteen",,,
Honey Cunnies X-Cut 24,$8.70 ,$4.21 ,$4.49 ,$0.00 ,"The Score Group, 18 Eighteen",,,
Blaire Ivory,$2.60 ,$1.91 ,$0.00 ,$0.68 ,"The Score Group, 18 Eighteen",,,
Honey Cunnies X-Cut 23,$10.29 ,$10.29 ,$0.00 ,$0.00 ,"The Score Group, 18 Eighteen",,,
Teen (18+) Bait 3,$8.42 ,$3.75 ,$2.99 ,$1.68 ,"The Score Group, 18 Eighteen",,,
Backdoor Brats 3,$1.75 ,$1.75 ,$0.00 ,$0.00 ,"The Score Group, 18 Eighteen",$89.63 ,,
Amateur Cunts X-Cut 10,$6.99 ,$6.99 ,$0.00 ,$0.00 ,"The Score Group, Naughty Neighbors",,,
Amateur Cunts X-Cut 5,$2.76 ,$1.44 ,$0.00 ,$1.32 ,"The Score Group, Naughty Neighbors",,,
Amateur Cunts X-Cut 6,$1.97 ,$1.97 ,$0.00 ,$0.00 ,"The Score Group, Naughty Neighbors",,,
Naughty First Timers X-Cut 20,$19.47 ,$14.10 ,$4.49 ,$0.87 ,"The Score Group, Naughty Neighbors",,,"$1,137.02 "
Amateur Cunts X-Cut 12,$15.51 ,$15.51 ,$0.00 ,$0.00 ,"The Score Group, Naughty Neighbors",,,
Amateur Cunts X-Cut 4,$11.16 ,$5.47 ,$5.69 ,$0.00 ,"The Score Group, Naughty Neighbors",,,
Amateur Cunts X-Cut 11,$8.77 ,$7.95 ,$0.00 ,$0.82 ,"The Score Group, Naughty Neighbors",,,
Bush Babies X-Cut 7,$2.08 ,$0.99 ,$0.00 ,$1.09 ,"The Score Group, Naughty Neighbors",,,
Naughty First Timers X-Cut 14,$2.03 ,$0.57 ,$0.00 ,$1.46 ,"The Score Group, Naughty Neighbors",,,
Naughty First Timers X-Cut 13,$1.44 ,$1.44 ,$0.00 ,$0.00 ,"The Score Group, Naughty Neighbors",,,
Naughty First Timers X-Cut 11,$1.35 ,$1.35 ,$0.00 ,$0.00 ,"The Score Group, Naughty Neighbors",,,
Naughty First Timers X-Cut 16,$1.24 ,$1.24 ,$0.00 ,$0.00 ,"The Score Group, Naughty Neighbors",,,
Naughty First Timers X-Cut 18,$1.15 ,$0.55 ,$0.00 ,$0.60 ,"The Score Group, Naughty Neighbors",,,
Bush Babies X-Cut 8,$0.88 ,$0.88 ,$0.00 ,$0.00 ,"The Score Group, Naughty Neighbors",,,
Naughty First Timers X-Cut 12,$0.51 ,$0.51 ,$0.00 ,$0.00 ,"The Score Group, Naughty Neighbors",,,
Naughty First Timers X-Cut 10,$0.35 ,$0.35 ,$0.00 ,$0.00 ,"The Score Group, Naughty Neighbors",$77.66 ,,
Brickhouse Babes,$3.59 ,$2.96 ,$0.00 ,$0.63 ,"The Score Group, Thick Curvy",$3.59 ,,
All Stacked All Natural X-Cut 20,$8.10 ,$5.10 ,$3.00 ,$0.00 ,"The Score Group, Voluptuous",,,
The Dirtiest Naturals,$7.49 ,$6.63 ,$0.00 ,$0.86 ,"The Score Group, Voluptuous",,,
Big Fat Tits X-Cut 5,$5.22 ,$1.32 ,$3.00 ,$0.91 ,"The Score Group, Voluptuous",,,
All Stacked All Natural X-Cut 16,$2.69 ,$1.74 ,$0.00 ,$0.95 ,"The Score Group, Voluptuous",,,
I'm Preggo,$2.30 ,$1.10 ,$1.20 ,$0.00 ,"The Score Group, Voluptuous",,,
Big Fat Tits X-Cut 3,$1.67 ,$1.67 ,$0.00 ,$0.00 ,"The Score Group, Voluptuous",,,
Big Fat Tits X-Cut,$0.77 ,$0.77 ,$0.00 ,$0.00 ,"The Score Group, Voluptuous",,,
Big Fat Tits X-Cut 2,$0.69 ,$0.69 ,$0.00 ,$0.00 ,"The Score Group, Voluptuous",,,
Big Fat Tits X-Cut 4,$0.15 ,$0.15 ,$0.00 ,$0.00 ,"The Score Group, Voluptuous",,,
"All Stacked, All Natural X-Cut 21",$7.84 ,$7.84 ,$0.00 ,$0.00 ,"The Score Group, Voluptuous",$36.92 ,,
Wet Ass Pussy,$2.55 ,$1.38 ,$0.00 ,$1.17 ,TYJAM,,,
Wild Black And White Fucking,$0.86 ,$0.86 ,$0.00 ,$0.00 ,TYJAM,,,
3-Way Anal Parlay,$0.63 ,$0.63 ,$0.00 ,$0.00 ,TYJAM,,,
Young Natural And Hairy,$0.61 ,$0.61 ,$0.00 ,$0.00 ,TYJAM,,,
Sexiest Boobs,$0.44 ,$0.44 ,$0.00 ,$0.00 ,TYJAM,,,
"Big, Real And Bouncy Tits",$0.01 ,$0.01 ,$0.00 ,$0.00 ,TYJAM,$5.10 ,,
My Fixation For Sex,$0.46 ,$0.46 ,$0.00 ,$0.00 ,"We Like To Suck, Puffy Network",,,
Cum In My Mouth,$0.26 ,$0.26 ,$0.00 ,$0.00 ,"We Like To Suck, Puffy Network",,,
Cock Hunger,$0.14 ,$0.14 ,$0.00 ,$0.00 ,"We Like To Suck, Puffy Network",,,
Perfect Pairs,$0.05 ,$0.05 ,$0.00 ,$0.00 ,"We Like To Suck, Puffy Network",,,
Bigger Is Better,$0.05 ,$0.05 ,$0.00 ,$0.00 ,"We Like To Suck, Puffy Network",$0.96 ,,
,,,,,,,,
,"$2,499.21 ",,,,,2499.21,,
,,,,,,,,
,,,,,,,,
,,,,,,,,
,,,,,,,,
,,,,,,,,
,,,,,,,,
,,,,,,,,
,,,,,,,,
,,,,,,,,
,,,,,,,,
,,,,,,,,
,,,,,,,,
,,,,,,,,
,,,,,,,,
,,,,,,,,
,,,,,,,,
,,,,,,,,
,,,,,,,,
,,,,,,,,
,,,,,,,,
,,,,,,,,
,,,,,,,,
,,,,,,,,
,,,,,,,,
,,,,,,,,
,,,,,,,,
,,,,,,,,
,,,,,,,,
,,,,,,,,
,,,,,,,,
,,,,,,,,
,,,,,,,,
,,,,,,,,
,,,,,,,,
,,,,,,,,
,,,,,,,,
,,,,,,,,
,,,,,,,,
,,,,,,,,
,,,,,,,,
,,,,,,,,
,,,,,,,,
,,,,,,,,
,,,,,,,,
,,,,,,,,
,,,,,,,,
,,,,,,,,
,,,,,,,,
,,,,,,,,
,,,,,,,,
,,,,,,,,
,,,,,,,,
,,,,,,,,
,,,,,,,,
,,,,,,,,
,,,,,,,,
,,,,,,,,
,,,,,,,,
,,,,,,,,
,,,,,,,,
,,,,,,,,
,,,,,,,,
,,,,,,,,
,,,,,,,,
,,,,,,,,
,,,,,,,,
,,,,,,,,
,,,,,,,,
,,,,,,,,
,,,,,,,,
,,,,,,,,
,,,,,,,,
,,,,,,,,
,,,,,,,,
,,,,,,,,
,,,,,,,,
,,,,,,,,
,,,,,,,,
,,,,,,,,
,,,,,,,,
,,,,,,,,
,,,,,,,,
,,,,,,,,
,,,,,,,,
,,,,,,,,
,,,,,,,,
,,,,,,,,
,,,,,,,,
,,,,,,,,
,,,,,,,,
,,,,,,,,
,,,,,,,,
,,,,,,,,
,,,,,,,,
,,,,,,,,
,,,,,,,,
,,,,,,,,
,,,,,,,,
,,,,,,,,
,,,,,,,,
,,,,,,,,
,,,,,,,,
,,,,,,,,
,,,,,,,,
,,,,,,,,
,,,,,,,,
,,,,,,,,
,,,,,,,,
,,,,,,,,
,,,,,,,,
,,,,,,,,
,,,,,,,,
,,,,,,,,
,,,,,,,,
,,,,,,,,
,,,,,,,,
,,,,,,,,
,,,,,,,,
,,,,,,,,
,,,,,,,,
,,,,,,,,
,,,,,,,,
,,,,,,,,
,,,,,,,,
,,,,,,,,
,,,,,,,,
,,,,,,,,
,,,,,,,,
,,,,,,,,
,,,,,,,,
,,,,,,,,
,,,,,,,,
,,,,,,,,
,,,,,,,,
,,,,,,,,
,,,,,,,,
,,,,,,,,
,,,,,,,,
,,,,,,,,
,,,,,,,,
,,,,,,,,
,,,,,,,,
,,,,,,,,
,,,,,,,,
,,,,,,,,
,,,,,,,,
,,,,,,,,
,,,,,,,,
,,,,,,,,
,,,,,,,,
,,,,,,,,
,,,,,,,,
,,,,,,,,
,,,,,,,,
,,,,,,,,
,,,,,,,,
,,,,,,,,
,,,,,,,,
,,,,,,,,
,,,,,,,,
,,,,,,,,
,,,,,,,,
,,,,,,,,
,,,,,,,,
,,,,,,,,
,,,,,,,,
,,,,,,,,
,,,,,,,,
,,,,,,,,
,,,,,,,,
,,,,,,,,
,,,,,,,,
,,,,,,,,
,,,,,,,,
,,,,,,,,
,,,,,,,,
,,,,,,,,
,,,,,,,,
,,,,,,,,
,,,,,,,,
,,,,,,,,
,,,,,,,,
,,,,,,,,
,,,,,,,,
,,,,,,,,
,,,,,,,,
,,,,,,,,
,,,,,,,,
,,,,,,,,
,,,,,,,,
,,,,,,,,
,,,,,,,,
,,,,,,,,
,,,,,,,,
,,,,,,,,
,,,,,,,,
,,,,,,,,
,,,,,,,,
,,,,,,,,
,,,,,,,,
,,,,,,,,
,,,,,,,,
,,,,,,,,
,,,,,,,,
,,,,,,,,
,,,,,,,,
,,,,,,,,
,,,,,,,,
,,,,,,,,
,,,,,,,,
,,,,,,,,
,,,,,,,,
,,,,,,,,
,,,,,,,,
,,,,,,,,
,,,,,,,,
,,,,,,,,
,,,,,,,,
,,,,,,,,
,,,,,,,,
,,,,,,,,
,,,,,,,,
,,,,,,,,
,,,,,,,,
,,,,,,,,
,,,,,,,,
,,,,,,,,
,,,,,,,,
,,,,,,,,
,,,,,,,,
,,,,,,,,
,,,,,,,,
,,,,,,,,
,,,,,,,,
,,,,,,,,
,,,,,,,,
,,,,,,,,
,,,,,,,,
,,,,,,,,
,,,,,,,,
,,,,,,,,
,,,,,,,,
,,,,,,,,
,,,,,,,,
,,,,,,,,
,,,,,,,,
,,,,,,,,
,,,,,,,,
,,,,,,,,
,,,,,,,,
,,,,,,,,
,,,,,,,,
,,,,,,,,
,,,,,,,,
,,,,,,,,
,,,,,,,,
,,,,,,,,
,,,,,,,,
,,,,,,,,
,,,,,,,,
,,,,,,,,
,,,,,,,,
,,,,,,,,
,,,,,,,,
,,,,,,,,
,,,,,,,,
,,,,,,,,
,,,,,,,,
,,,,,,,,
,,,,,,,,
,,,,,,,,
,,,,,,,,
,,,,,,,,
,,,,,,,,
,,,,,,,,
,,,,,,,,
,,,,,,,,
,,,,,,,,
,,,,,,,,
,,,,,,,,
,,,,,,,,
,,,,,,,,
,,,,,,,,
,,,,,,,,
,,,,,,,,
,,,,,,,,
,,,,,,,,
,,,,,,,,
,,,,,,,,
,,,,,,,,
,,,,,,,,
,,,,,,,,
,,,,,,,,
,,,,,,,,
,,,,,,,,
,,,,,,,,
,,,,,,,,
,,,,,,,,
,,,,,,,,
,,,,,,,,
,,,,,,,,
,,,,,,,,
,,,,,,,,
,,,,,,,,
,,,,,,,,
,,,,,,,,
,,,,,,,,
,,,,,,,,
,,,,,,,,
,,,,,,,,
,,,,,,,,
,,,,,,,,
,,,,,,,,
,,,,,,,,
,,,,,,,,
,,,,,,,,
,,,,,,,,
,,,,,,,,
,,,,,,,,
,,,,,,,,
,,,,,,,,
,,,,,,,,
,,,,,,,,
,,,,,,,,
,,,,,,,,
,,,,,,,,
,,,,,,,,
,,,,,,,,
,,,,,,,,
,,,,,,,,
,,,,,,,,
,,,,,,,,
,,,,,,,,
,,,,,,,,
,,,,,,,,
,,,,,,,,
,,,,,,,,
,,,,,,,,
,,,,,,,,
,,,,,,,,
,,,,,,,,
,,,,,,,,
,,,,,,,,
,,,,,,,,
,,,,,,,,
,,,,,,,,
,,,,,,,,
,,,,,,,,
,,,,,,,,
,,,,,,,,
,,,,,,,,
,,,,,,,,
,,,,,,,,
,,,,,,,,
,,,,,,,,
,,,,,,,,
,,,,,,,,
,,,,,,,,
,,,,,,,,
,,,,,,,,
,,,,,,,,
,,,,,,,,
,,,,,,,,
,,,,,,,,
,,,,,,,,
,,,,,,,,
,,,,,,,,
,,,,,,,,
,,,,,,,,
,,,,,,,,
,,,,,,,,
,,,,,,,,
,,,,,,,,
,,,,,,,,
,,,,,,,,
,,,,,,,,
,,,,,,,,
,,,,,,,,
,,,,,,,,
,,,,,,,,
,,,,,,,,
,,,,,,,,
,,,,,,,,
,,,,,,,,
,,,,,,,,
,,,,,,,,
,,,,,,,,
,,,,,,,,
,,,,,,,,
,,,,,,,,
,,,,,,,,
,,,,,,,,
,,,,,,,,
,,,,,,,,
,,,,,,,,
,,,,,,,,
,,,,,,,,
,,,,,,,,
,,,,,,,,
,,,,,,,,
,,,,,,,,
,,,,,,,,
,,,,,,,,
,,,,,,,,
,,,,,,,,
,,,,,,,,
,,,,,,,,
,,,,,,,,
,,,,,,,,
,,,,,,,,
,,,,,,,,
,,,,,,,,
,,,,,,,,
,,,,,,,,
,,,,,,,,
,,,,,,,,
,,,,,,,,
,,,,,,,,
,,,,,,,,
,,,,,,,,
,,,,,,,,
,,,,,,,,
,,,,,,,,
,,,,,,,,
,,,,,,,,
,,,,,,,,
,,,,,,,,
,,,,,,,,
,,,,,,,,
,,,,,,,,
,,,,,,,,
,,,,,,,,
,,,,,,,,
,,,,,,,,
,,,,,,,,
,,,,,,,,
,,,,,,,,
,,,,,,,,
,,,,,,,,
,,,,,,,,
,,,,,,,,
,,,,,,,,
,,,,,,,,
,,,,,,,,
,,,,,,,,
,,,,,,,,
,,,,,,,,
,,,,,,,,
,,,,,,,,
,,,,,,,,
,,,,,,,,
,,,,,,,,
,,,,,,,,
,,,,,,,,
,,,,,,,,
,,,,,,,,
,,,,,,,,
,,,,,,,,
,,,,,,,,
,,,,,,,,
,,,,,,,,
,,,,,,,,
,,,,,,,,
,,,,,,,,
,,,,,,,,
,,,,,,,,
,,,,,,,,
,,,,,,,,
,,,,,,,,
,,,,,,,,
,,,,,,,,
,,,,,,,,
,,,,,,,,
,,,,,,,,
,,,,,,,,
,,,,,,,,
,,,,,,,,
,,,,,,,,
,,,,,,,,
,,,,,,,,
,,,,,,,,
,,,,,,,,
,,,,,,,,
,,,,,,,,
