Title,Total,PPM,Rental,Download,Studio,,
Hot Teen (18+) Threesomes,$62.18 ,$44.22 ,$5.99 ,$11.96 ,AMG,,
Hot Teen (18+) Threesomes 2,$33.10 ,$27.24 ,$1.20 ,$4.67 ,AMG,,
Big Tittied Teens (18+) 2 Part 2,$20.69 ,$15.90 ,$4.79 ,$0.00 ,AMG,,
Creampie Teens (18+) 2,$17.44 ,$11.45 ,$5.99 ,$0.00 ,AMG,,
Young Blonde Chicks With Small Tits,$16.82 ,$14.73 ,$0.00 ,$2.09 ,AMG,,
Young Blonde Chicks With Small Tits 2,$16.11 ,$11.32 ,$0.00 ,$4.79 ,AMG,,
Premium Teen (18+) Pussy 2,$13.29 ,$10.57 ,$0.00 ,$2.72 ,AMG,,
DP Obsessed Teens (18+),$11.71 ,$4.35 ,$0.00 ,$7.36 ,AMG,,
Creampie Teens (18+),$10.63 ,$5.84 ,$4.79 ,$0.00 ,AMG,,
My First DP,$7.94 ,$2.71 ,$0.00 ,$5.23 ,AMG,,
Hot Blonde Teens (18+),$7.64 ,$1.65 ,$0.00 ,$6.00 ,AMG,,
Students Sexperimeting,$5.14 ,$0.58 ,$0.00 ,$4.56 ,AMG,,
Premium Teen (18+) Pussy,$5.13 ,$5.13 ,$0.00 ,$0.00 ,AMG,,
Big Tittied Teens (18+),$4.94 ,$2.54 ,$2.40 ,$0.00 ,AMG,,
Beautiful Threesome,$4.73 ,$2.03 ,$2.70 ,$0.00 ,AMG,,
Teen (18+) Anal Perfection,$4.45 ,$2.06 ,$0.00 ,$2.39 ,AMG,,
Please Take My Ass,$3.58 ,$1.21 ,$0.00 ,$2.38 ,AMG,,
2 Teens Double Fun,$3.13 ,$3.13 ,$0.00 ,$0.00 ,AMG,,
Teen Supreme,$2.92 ,$0.57 ,$0.00 ,$2.35 ,AMG,,
Tight Teen Tushies,$2.82 ,$0.64 ,$0.00 ,$2.18 ,AMG,,
Anal Virgins,$2.79 ,$0.40 ,$2.40 ,$0.00 ,AMG,,
Back In The Butt,$2.38 ,$1.10 ,$0.00 ,$1.29 ,AMG,,
Two To Fuck,$2.30 ,$1.18 ,$0.00 ,$1.12 ,AMG,,
Juicy Massage Room,$2.16 ,$2.16 ,$0.00 ,$0.00 ,AMG,,
Teen (18+) Anal Sexperts,$2.10 ,$2.10 ,$0.00 ,$0.00 ,AMG,,
Teeny Cocksuckers And Fuckers,$1.94 ,$0.12 ,$0.00 ,$1.82 ,AMG,,
Brunette Pussy Temptations,$1.89 ,$1.89 ,$0.00 ,$0.00 ,AMG,,
Red Hair Peach Pussy,$1.85 ,$0.43 ,$0.00 ,$1.42 ,AMG,,
Sweet Sexy Teens,$1.82 ,$0.63 ,$0.00 ,$1.19 ,AMG,,
Barely 18 Initiations,$1.57 ,$0.39 ,$0.00 ,$1.18 ,AMG,,
"Teeny, Tiny, Asses",$1.53 ,$0.64 ,$0.00 ,$0.89 ,AMG,,
Perfectly Dirty: Blondes Edition,$1.49 ,$1.49 ,$0.00 ,$0.00 ,AMG,,
Cute Creampie Teens,$1.47 ,$1.47 ,$0.00 ,$0.00 ,AMG,,
Cock Crazy Sweethearts,$1.28 ,$1.28 ,$0.00 ,$0.00 ,AMG,,
Anal Delight,$1.26 ,$0.05 ,$0.00 ,$1.21 ,AMG,,
Tiny Tits Tight Pussy,$1.16 ,$1.16 ,$0.00 ,$0.00 ,AMG,,
Do Your Ass-Ignment,$1.16 ,$1.16 ,$0.00 ,$0.00 ,AMG,,
Cock Ready,$1.13 ,$1.13 ,$0.00 ,$0.00 ,AMG,,
Fuck My Ass,$1.08 ,$1.08 ,$0.00 ,$0.00 ,AMG,,
Full Service Massage,$1.00 ,$1.00 ,$0.00 ,$0.00 ,AMG,,
My Sweet Cheries,$0.95 ,$0.95 ,$0.00 ,$0.00 ,AMG,,
Full Service Massage 2,$0.91 ,$0.91 ,$0.00 ,$0.00 ,AMG,,
Small Tit Love,$0.90 ,$0.90 ,$0.00 ,$0.00 ,AMG,,
2 Pussies For 1 Tongue,$0.89 ,$0.89 ,$0.00 ,$0.00 ,AMG,,
Sweet Redheads,$0.80 ,$0.80 ,$0.00 ,$0.00 ,AMG,,
I'm So Horny,$0.78 ,$0.78 ,$0.00 ,$0.00 ,AMG,,
Dirty Massage Room,$0.71 ,$0.71 ,$0.00 ,$0.00 ,AMG,,
Blondie Wants Dick,$0.67 ,$0.67 ,$0.00 ,$0.00 ,AMG,,
My First Threesome,$0.67 ,$0.67 ,$0.00 ,$0.00 ,AMG,,
Blonde Teen Temptation,$0.64 ,$0.64 ,$0.00 ,$0.00 ,AMG,,
Tiny Pussy Massage,$0.62 ,$0.62 ,$0.00 ,$0.00 ,AMG,,
It's Fuckin' Anal,$0.62 ,$0.62 ,$0.00 ,$0.00 ,AMG,,
"Fresh, Juicy Blonde Pussy",$0.62 ,$0.62 ,$0.00 ,$0.00 ,AMG,,
Creaming Teen Throats,$0.55 ,$0.55 ,$0.00 ,$0.00 ,AMG,,
I Want'Em Young,$0.55 ,$0.55 ,$0.00 ,$0.00 ,AMG,,
Teen Love Sex Addicts,$0.54 ,$0.54 ,$0.00 ,$0.00 ,AMG,,
Teenie Massage Rooms,$0.52 ,$0.52 ,$0.00 ,$0.00 ,AMG,,
My First Threesome 2,$0.52 ,$0.52 ,$0.00 ,$0.00 ,AMG,,
Threesomes Dreams,$0.45 ,$0.45 ,$0.00 ,$0.00 ,AMG,,
Irresistible Teens,$0.40 ,$0.40 ,$0.00 ,$0.00 ,AMG,,
Cream Filled Cuties,$0.39 ,$0.39 ,$0.00 ,$0.00 ,AMG,,
Deep In Teeny Trainers,$0.38 ,$0.38 ,$0.00 ,$0.00 ,AMG,,
Hot Petite Redheads,$0.38 ,$0.38 ,$0.00 ,$0.00 ,AMG,,
Insatiable Sweet Whores,$0.37 ,$0.37 ,$0.00 ,$0.00 ,AMG,,
Afternoon Threesomes,$0.36 ,$0.36 ,$0.00 ,$0.00 ,AMG,,
Afternoon Threesomes 2,$0.32 ,$0.32 ,$0.00 ,$0.00 ,AMG,,
Dirty Amateurs In Action,$0.29 ,$0.29 ,$0.00 ,$0.00 ,AMG,,
Girl's Desire,$0.28 ,$0.28 ,$0.00 ,$0.00 ,AMG,,
Young Pussy Paradise,$0.27 ,$0.27 ,$0.00 ,$0.00 ,AMG,,
Doing My Personal Trainer,$0.23 ,$0.23 ,$0.00 ,$0.00 ,AMG,,
"Hot, Horny And Innocent - Wanna be Fucked",$0.23 ,$0.23 ,$0.00 ,$0.00 ,AMG,,
He's The Boss,$0.22 ,$0.22 ,$0.00 ,$0.00 ,AMG,,
Your Wife Is Hot And I Want To Fuck Her,$0.21 ,$0.21 ,$0.00 ,$0.00 ,AMG,,
Red Devils,$0.20 ,$0.20 ,$0.00 ,$0.00 ,AMG,,
Suck It Like You Mean It,$0.17 ,$0.17 ,$0.00 ,$0.00 ,AMG,,
Watch Me Bang My Girl,$0.16 ,$0.16 ,$0.00 ,$0.00 ,AMG,,
9 To 5 Fucking,$0.15 ,$0.15 ,$0.00 ,$0.00 ,AMG,,
Fucking Fit,$0.14 ,$0.14 ,$0.00 ,$0.00 ,AMG,,
Born To Flirt,$0.13 ,$0.13 ,$0.00 ,$0.00 ,AMG,,
Fill My Tiny Pussy With Your Big Cock,$0.12 ,$0.12 ,$0.00 ,$0.00 ,AMG,,
Ass Loving College Cuties,$0.11 ,$0.11 ,$0.00 ,$0.00 ,AMG,,
Sweeties Need A Dick,$0.10 ,$0.10 ,$0.00 ,$0.00 ,AMG,,
Butt Stuffed,$0.09 ,$0.09 ,$0.00 ,$0.00 ,AMG,,
Tight And Tiny Fuck Toys,$0.09 ,$0.09 ,$0.00 ,$0.00 ,AMG,,
Fucking Delicious,$0.08 ,$0.08 ,$0.00 ,$0.00 ,AMG,,
Blowing The Boss,$0.03 ,$0.03 ,$0.00 ,$0.00 ,AMG,,
Taste My Teen Cherry,$0.02 ,$0.02 ,$0.00 ,$0.00 ,AMG,$306.58 ,
Mature Trans,$95.28 ,$84.48 ,$0.00 ,$10.80 ,Hot Hot Films,,
Trans Beauties,$63.79 ,$45.76 ,$3.00 ,$15.04 ,Hot Hot Films,,
Big Tit Matures,$25.73 ,$18.24 ,$0.00 ,$7.50 ,Hot Hot Films,,
Busty Mature Cucks,$11.38 ,$11.38 ,$0.00 ,$0.00 ,Hot Hot Films,,
POV Squirters,$10.70 ,$8.55 ,$0.00 ,$2.15 ,Hot Hot Films,$206.88 ,
Naomi Togo: Soap Girl Interracial Fuck Creampie,$7.45 ,$1.56 ,$0.00 ,$5.89 ,Japornxxx,,
Texas Patti: Man's Final Wish Anal Fucking Creampie,$7.00 ,$1.09 ,$2.10 ,$3.81 ,Japornxxx,,
Master And Guests Are Welcomed By Maids,$6.36 ,$2.43 ,$0.00 ,$3.93 ,Japornxxx,,
Nami Amami: Oil Massage-Interracial Creampie,$5.44 ,$4.55 ,$0.90 ,$0.00 ,Japornxxx,,
Interracial Japanese Creampies,$4.94 ,$2.25 ,$2.70 ,$0.00 ,Japornxxx,,
Mina Asahi: Geisha Gets D.P. By Yakuza Men,$4.55 ,$0.76 ,$0.00 ,$3.79 ,Japornxxx,,
Kimono Girl Interracial Threesome And Creampie,$4.24 ,$0.38 ,$0.00 ,$3.86 ,Japornxxx,,
Texas Patti: Beverly Hills Memories Double Penetration,$4.05 ,$0.26 ,$0.00 ,$3.78 ,Japornxxx,,
Yuzu Nurse Gets A Creampie From A Foreigner Doctor,$3.96 ,$1.87 ,$2.10 ,$0.00 ,Japornxxx,,
Melody Marks And Kenzie Reeves: The Dick Judgement: Interracial Foursome Creampie,$3.88 ,$1.78 ,$2.10 ,$0.00 ,Japornxxx,,
Mio Shido: Erotic Nurse And BBC Doctor Fuck And Creampie,$3.34 ,$2.44 ,$0.90 ,$0.00 ,Japornxxx,,
Elika: School Gal Vs Teacher's BBC,$2.97 ,$2.97 ,$0.00 ,$0.00 ,Japornxxx,,
Asa Tsukino: Japanese Style Special Massage Black Big Cock Fuck Creampie,$1.68 ,$1.68 ,$0.00 ,$0.00 ,Japornxxx,,
Yuzu: Big Black Cock Boss Vs Japanese Secretary,$1.67 ,$1.67 ,$0.00 ,$0.00 ,Japornxxx,,
Nami Amami: Geisha Beloved Big Black Cock And Creampie,$1.49 ,$1.49 ,$0.00 ,$0.00 ,Japornxxx,,
Interracial Japanese Creampies 2,$1.47 ,$1.47 ,$0.00 ,$0.00 ,Japornxxx,,
Black Big Cock Fucking Reward For Working Overtime,$1.41 ,$1.41 ,$0.00 ,$0.00 ,Japornxxx,,
Sara Otani Kunoichi Vs Big Black Cock Interracial Creampie,$1.36 ,$1.36 ,$0.00 ,$0.00 ,Japornxxx,,
Kayley Gunner: Dignity Of A Secretary Threesome,$1.30 ,$1.30 ,$0.00 ,$0.00 ,Japornxxx,,
Interracial Japanese Threesomes,$1.29 ,$1.29 ,$0.00 ,$0.00 ,Japornxxx,,
Kyoko Makise: Geisha Gangbang Triple Creampie,$1.20 ,$1.20 ,$0.00 ,$0.00 ,Japornxxx,,
Lika Star: Beautiful Onsen Godess Fuck And Creampie,$1.12 ,$1.12 ,$0.00 ,$0.00 ,Japornxxx,,
Yuzu: Maid Gets Dirty In A Threesome Creampie,$1.08 ,$1.08 ,$0.00 ,$0.00 ,Japornxxx,,
Keira Croft: Sex Cyborg Double Penetration Creampie,$1.06 ,$1.06 ,$0.00 ,$0.00 ,Japornxxx,,
Lily Larimar: Nurse Cure Patient A Threesome Creampie,$0.96 ,$0.96 ,$0.00 ,$0.00 ,Japornxxx,,
Mina Asahi: After-School Love Affair Teacher's Threesome Creampie,$0.90 ,$0.90 ,$0.00 ,$0.00 ,Japornxxx,,
Mone Kamiki: Security Guard Anal Fuck,$0.89 ,$0.89 ,$0.00 ,$0.00 ,Japornxxx,,
Kenzie Reeves: Samurai Creampie Training,$0.86 ,$0.86 ,$0.00 ,$0.00 ,Japornxxx,,
Mio Shido: Soap Girl Interracial Creampie,$0.82 ,$0.82 ,$0.00 ,$0.00 ,Japornxxx,,
Japanese Girls Fucked At Work,$0.71 ,$0.71 ,$0.00 ,$0.00 ,Japornxxx,,
Lola Fae: Teaches Her Butler To Fuck Her Ass,$0.64 ,$0.64 ,$0.00 ,$0.00 ,Japornxxx,,
Kei Nakamura: First Time Student Threesome And Creampie,$0.56 ,$0.56 ,$0.00 ,$0.00 ,Japornxxx,,
Melody Marks: A Goddess In My Dreams Interracial Creampie,$0.55 ,$0.55 ,$0.00 ,$0.00 ,Japornxxx,,
Mio Katsuki: Maid Interracial Threesome,$0.54 ,$0.54 ,$0.00 ,$0.00 ,Japornxxx,,
Nurse Concerns - Doctor's Cure BBC Creampie,$0.47 ,$0.47 ,$0.00 ,$0.00 ,Japornxxx,,
Mio Shido: Office Worker Interracial Threesome,$0.47 ,$0.47 ,$0.00 ,$0.00 ,Japornxxx,,
Kei Nakamura: Big Black Cock Interracial Creampie,$0.44 ,$0.44 ,$0.00 ,$0.00 ,Japornxxx,,
Mio Shido: Big Black Cock Interracial Creampie,$0.42 ,$0.42 ,$0.00 ,$0.00 ,Japornxxx,,
Alexis Crystal: Double Penetration After Japanese Onsen,$0.39 ,$0.39 ,$0.00 ,$0.00 ,Japornxxx,,
High School Love Memories: Fuck And Creampie In The Classroom,$0.38 ,$0.38 ,$0.00 ,$0.00 ,Japornxxx,,
"Alexis Crystal And Kyoko Makise: Foursome Party Of Doctors, Patients And Beatiful Nurses",$0.33 ,$0.33 ,$0.00 ,$0.00 ,Japornxxx,,
Nikole Nash Vacation Anal Fuck And Creampie,$0.32 ,$0.32 ,$0.00 ,$0.00 ,Japornxxx,,
Anri Tachibana: The Price Of Lying Is Fuck And Cum In Mouth,$0.20 ,$0.20 ,$0.00 ,$0.00 ,Japornxxx,,
Kei Nakamura: College Student Gets Big Black Dick Creampie,$0.19 ,$0.19 ,$0.00 ,$0.00 ,Japornxxx,,
Ashley Lane: Interracial Deep Throat Blowjob,$0.12 ,$0.12 ,$0.00 ,$0.00 ,Japornxxx,,
Nurse Serves Patients At Fuck And Creampie,$0.11 ,$0.11 ,$0.00 ,$0.00 ,Japornxxx,,
Ashley Lane: Travel Gifts And Anal Fuck Creampie,$0.08 ,$0.08 ,$0.00 ,$0.00 ,Japornxxx,,
Keira Croft: Salesgirl Interracial Anal Creampie,$0.05 ,$0.05 ,$0.00 ,$0.00 ,Japornxxx,,
Alexis Crystal: Osen-Interracial Creampie,$0.05 ,$0.05 ,$0.00 ,$0.00 ,Japornxxx,,
Jessie Saint: Blonde Goddesses For An Outdoor Creampie,$0.03 ,$0.03 ,$0.00 ,$0.00 ,Japornxxx,,
Asuka Ono: The Patients Last Wish - Interracial Threesome Creampie,$0.03 ,$0.03 ,$0.00 ,$0.00 ,Japornxxx,,
Aisa Tamano: Big Black Cock Threesome Creampie,$0.01 ,$0.01 ,$0.00 ,$0.00 ,Japornxxx,$85.83 ,
Relaxing With Some Oily Massage Session,$0.93 ,$0.93 ,$0.00 ,$0.00 ,OBOKOZU,,
Real Amateur Anal Sex,$0.88 ,$0.88 ,$0.00 ,$0.00 ,OBOKOZU,,
Fuck Me In The Ass,$0.72 ,$0.72 ,$0.00 ,$0.00 ,OBOKOZU,,
Amateur WMAF Couple,$0.57 ,$0.57 ,$0.00 ,$0.00 ,OBOKOZU,,
Hubby Gets Dominated By Mistress Japanese Wife,$0.54 ,$0.54 ,$0.00 ,$0.00 ,OBOKOZU,,
Split Cam Double Dick,$0.49 ,$0.49 ,$0.00 ,$0.00 ,OBOKOZU,,
Japanese Hot Wife Pervy Husband Gives A Surprise Sex,$0.44 ,$0.44 ,$0.00 ,$0.00 ,OBOKOZU,,
Does My Ass Look Too Nerdy Too Fuck,$0.43 ,$0.43 ,$0.00 ,$0.00 ,OBOKOZU,,
First Sex Video,$0.42 ,$0.42 ,$0.00 ,$0.00 ,OBOKOZU,,
Japanese Maid Can't Keep Her Booty To Herself,$0.40 ,$0.40 ,$0.00 ,$0.00 ,OBOKOZU,,
First Anal Video,$0.35 ,$0.35 ,$0.00 ,$0.00 ,OBOKOZU,,
Riding Creampie,$0.34 ,$0.34 ,$0.00 ,$0.00 ,OBOKOZU,,
Horny Japanese Schoolgirl Enjoys White Boyfriend's Cock,$0.32 ,$0.32 ,$0.00 ,$0.00 ,OBOKOZU,,
The New Depth Controlled Vibrator,$0.29 ,$0.29 ,$0.00 ,$0.00 ,OBOKOZU,,
Busty Japanese Exchange Student,$0.21 ,$0.21 ,$0.00 ,$0.00 ,OBOKOZU,,
Wake Up: Your Beautiful Japanese Wife Is Horny,$0.20 ,$0.20 ,$0.00 ,$0.00 ,OBOKOZU,,
Nerdy Waifu Wants Dick,$0.19 ,$0.19 ,$0.00 ,$0.00 ,OBOKOZU,,
Perfect Japanese Wife Never Says No To Her Pervy Husband,$0.18 ,$0.18 ,$0.00 ,$0.00 ,OBOKOZU,,
No Better Time For... Deep Throating And Fucking,$0.17 ,$0.17 ,$0.00 ,$0.00 ,OBOKOZU,,
Missed You,$0.14 ,$0.14 ,$0.00 ,$0.00 ,OBOKOZU,,
Ruka Is Having Double The Fun With Her Husband And His Best Friend,$0.13 ,$0.13 ,$0.00 ,$0.00 ,OBOKOZU,,
Squirt,$0.11 ,$0.11 ,$0.00 ,$0.00 ,OBOKOZU,,
Ahegao Double Peace,$0.10 ,$0.10 ,$0.00 ,$0.00 ,OBOKOZU,,
Risky Sex On The Balcony,$0.10 ,$0.10 ,$0.00 ,$0.00 ,OBOKOZU,,
Kinky Nip Shibari,$0.08 ,$0.08 ,$0.00 ,$0.00 ,OBOKOZU,,
Keto Diet Low Calorie Snack,$0.08 ,$0.08 ,$0.00 ,$0.00 ,OBOKOZU,,
69 Orgasm And Cowboy Creampie,$0.07 ,$0.07 ,$0.00 ,$0.00 ,OBOKOZU,,
So Horny In The Morning,$0.06 ,$0.06 ,$0.00 ,$0.00 ,OBOKOZU,,
Horny Japanese GF Won't Let Me Play Video Games Unless I Creampie Her Pussy Every Day,$0.05 ,$0.05 ,$0.00 ,$0.00 ,OBOKOZU,,
Yoga Wife Gets A Surprise Gift From Husband,$0.05 ,$0.05 ,$0.00 ,$0.00 ,OBOKOZU,,
Intense Doggystyle Japanese Dirty Talk,$0.05 ,$0.05 ,$0.00 ,$0.00 ,OBOKOZU,,
Fucking With The Love Hamma,$0.02 ,$0.02 ,$0.00 ,$0.00 ,OBOKOZU,,
Horny Asian Girlfriend Gives A Surprise Sex,$0.02 ,$0.02 ,$0.00 ,$0.00 ,OBOKOZU,,
Trying Our New POV Helmet,$0.02 ,$0.02 ,$0.00 ,$0.00 ,OBOKOZU,,
Loving Japanese Wife Equals Perfect Valentines Day Sex,$0.02 ,$0.02 ,$0.00 ,$0.00 ,OBOKOZU,,
Japanese GMO Redhead Japanese Babe Fuck,$0.02 ,$0.02 ,$0.00 ,$0.00 ,OBOKOZU,,
Inaugurating Our New Place,$0.01 ,$0.01 ,$0.00 ,$0.00 ,OBOKOZU,,
Fixing The LED Light,$0.00 ,$0.00 ,$0.00 ,$0.00 ,OBOKOZU,$9.20 ,
Addicted To Anal,$1.21 ,$0.12 ,$0.00 ,$1.09 ,"PUFFY NETWORK, Simply Anal",,
Craving Anal,$1.00 ,$1.00 ,$0.00 ,$0.00 ,"PUFFY NETWORK, Simply Anal",,
All Girl Anal Amateurs,$0.61 ,$0.61 ,$0.00 ,$0.00 ,"PUFFY NETWORK, Simply Anal",,
Invitation To Anal,$0.51 ,$0.51 ,$0.00 ,$0.00 ,"PUFFY NETWORK, Simply Anal",,
Anal Aphrodites,$0.16 ,$0.16 ,$0.00 ,$0.00 ,"PUFFY NETWORK, Simply Anal",,
Anal Temptation,$0.11 ,$0.11 ,$0.00 ,$0.00 ,"PUFFY NETWORK, Simply Anal",,
Fixated On Anal,$0.07 ,$0.07 ,$0.00 ,$0.00 ,"PUFFY NETWORK, Simply Anal",$3.67 ,
Perfect Pairs,$1.55 ,$0.27 ,$0.00 ,$1.28 ,"PUFFY NETWORK, We Like To Suck",,
Cum In My Mouth,$0.31 ,$0.31 ,$0.00 ,$0.00 ,"PUFFY NETWORK, We Like To Suck",,
My Fixation For Sex,$0.24 ,$0.24 ,$0.00 ,$0.00 ,"PUFFY NETWORK, We Like To Suck",,
Cock Hunger,$0.17 ,$0.17 ,$0.00 ,$0.00 ,"PUFFY NETWORK, We Like To Suck",,
Bigger Is Better,$0.08 ,$0.08 ,$0.00 ,$0.00 ,"PUFFY NETWORK, We Like To Suck",$2.35 ,
Gang Bang MILF,$3.05 ,$0.71 ,$0.00 ,$2.35 ,Rebecca Lord Productions,,
Naughty Sitters,$2.14 ,$0.28 ,$0.00 ,$1.85 ,Rebecca Lord Productions,,
Pure Sex: Riding The Threeways,$1.60 ,$1.60 ,$0.00 ,$0.00 ,Rebecca Lord Productions,,
Maid Rules,$0.72 ,$0.72 ,$0.00 ,$0.00 ,Rebecca Lord Productions,,
Pink Is The New Black,$0.29 ,$0.29 ,$0.00 ,$0.00 ,Rebecca Lord Productions,,
Vanished,$0.19 ,$0.19 ,$0.00 ,$0.00 ,Rebecca Lord Productions,,
Flash,$0.16 ,$0.16 ,$0.00 ,$0.00 ,Rebecca Lord Productions,,
Hitch,$0.14 ,$0.14 ,$0.00 ,$0.00 ,Rebecca Lord Productions,,
Misha Cross Is The Trick Advisor,$0.02 ,$0.02 ,$0.00 ,$0.00 ,Rebecca Lord Productions,,
Pandora's Box 2,$0.15 ,$0.15 ,$0.00 ,$0.00 ,Rebecca Lord Productions,$8.46 ,
Dick N Attention,$9.16 ,$9.16 ,$0.00 ,$0.00 ,Rome Major Productions,,
Incredibly Flavorful Fuck,$4.53 ,$4.53 ,$0.00 ,$0.00 ,Rome Major Productions,,
2 Girls Tag Team Black Dick,$4.25 ,$1.85 ,$2.40 ,$0.00 ,Rome Major Productions,,
Latinas Like It Black,$3.05 ,$0.65 ,$2.40 ,$0.00 ,Rome Major Productions,,
Foursome Interracial Fucking,$1.35 ,$1.35 ,$0.00 ,$0.00 ,Rome Major Productions,,
Rim My Black Ass,$1.21 ,$1.21 ,$0.00 ,$0.00 ,Rome Major Productions,,
After School Snack,$1.11 ,$1.11 ,$0.00 ,$0.00 ,Rome Major Productions,,
2 Queens,$0.89 ,$0.89 ,$0.00 ,$0.00 ,Rome Major Productions,,
Nerding Out,$0.71 ,$0.71 ,$0.00 ,$0.00 ,Rome Major Productions,,
Sexy New Neighbor Pickup,$0.62 ,$0.62 ,$0.00 ,$0.00 ,Rome Major Productions,,
All Love With Chanell,$0.48 ,$0.48 ,$0.00 ,$0.00 ,Rome Major Productions,,
Major Creampie,$0.35 ,$0.35 ,$0.00 ,$0.00 ,Rome Major Productions,,
2 Or More Big Black Cocks,$0.32 ,$0.32 ,$0.00 ,$0.00 ,Rome Major Productions,,
Ms. Yummy Nurses My Cock,$0.32 ,$0.32 ,$0.00 ,$0.00 ,Rome Major Productions,,
Twerk Fest Threesome,$0.25 ,$0.25 ,$0.00 ,$0.00 ,Rome Major Productions,,
Double Teaming,$0.19 ,$0.19 ,$0.00 ,$0.00 ,Rome Major Productions,,
Creeping,$0.11 ,$0.11 ,$0.00 ,$0.00 ,Rome Major Productions,,
Fucking Forgive Me,$0.10 ,$0.10 ,$0.00 ,$0.00 ,Rome Major Productions,,
Date Night 3: Interracial Edition,$0.08 ,$0.08 ,$0.00 ,$0.00 ,Rome Major Productions,,
New Neighbor Pool Smash,$0.08 ,$0.08 ,$0.00 ,$0.00 ,Rome Major Productions,,
Goddess Makes My Day,$0.05 ,$0.05 ,$0.00 ,$0.00 ,Rome Major Productions,,
Meeting In The Motel,$0.05 ,$0.05 ,$0.00 ,$0.00 ,Rome Major Productions,,
5 Star Fuck In Miami,$0.05 ,$0.05 ,$0.00 ,$0.00 ,Rome Major Productions,,
Waiting On Stepdaddy Major,$0.04 ,$0.04 ,$0.00 ,$0.00 ,Rome Major Productions,,
The Bro Code,$0.04 ,$0.04 ,$0.00 ,$0.00 ,Rome Major Productions,,
Pulling Up On Thick Red,$0.01 ,$0.01 ,$0.00 ,$0.00 ,Rome Major Productions,,
Fucking On Her Birthday,$0.01 ,$0.01 ,$0.00 ,$0.00 ,Rome Major Productions,,
Major Work,$0.01 ,$0.01 ,$0.00 ,$0.00 ,Rome Major Productions,$29.42 ,
Ass-Fucked Grannies,$64.18 ,$42.69 ,$7.34 ,$14.15 ,The Score Group,,
Did You See Me Squirt,$47.33 ,$31.00 ,$5.99 ,$10.34 ,The Score Group,,
Teens (18+) Can Squirt Too,$35.63 ,$34.50 ,$0.00 ,$1.13 ,The Score Group,,
MILFs Vs The Machines,$34.30 ,$25.84 ,$0.00 ,$8.46 ,The Score Group,,
Samantha 38G,$27.83 ,$20.23 ,$5.99 ,$1.61 ,The Score Group,,
Vintage Vixens,$25.21 ,$23.46 ,$0.00 ,$1.75 ,The Score Group,,
Your Mom Loves Anal 5,$24.20 ,$16.55 ,$5.99 ,$1.66 ,The Score Group,,
MILF Show X-Cut 6,$23.03 ,$20.04 ,$3.00 ,$0.00 ,The Score Group,,
Big Racks Hot MILFs Hardcut 13,$19.85 ,$15.59 ,$3.00 ,$1.26 ,The Score Group,,
Naughty First Timers X-Cut 7,$19.03 ,$19.03 ,$0.00 ,$0.00 ,The Score Group,,
Ready For Stuffing X-Cut 14,$16.77 ,$7.78 ,$8.99 ,$0.00 ,The Score Group,,
Ultimate Holly Garner,$14.36 ,$14.36 ,$0.00 ,$0.00 ,The Score Group,,
50 Plus MILFs 9: Anal Edition,$14.32 ,$7.54 ,$0.00 ,$6.78 ,The Score Group,,
Honey Cunnies X-Cut 16,$13.85 ,$9.36 ,$4.49 ,$0.00 ,The Score Group,,
Horny 50 Plus MILF's X-Cut 15,$13.81 ,$13.81 ,$0.00 ,$0.00 ,The Score Group,,
Horny 50 Plus MILF's X-Cut 14,$13.08 ,$11.65 ,$0.00 ,$1.44 ,The Score Group,,
50 Plus MILFs 16,$11.37 ,$6.57 ,$2.62 ,$2.18 ,The Score Group,,
Score Girls X-Cut 7,$10.97 ,$8.83 ,$1.50 ,$0.65 ,The Score Group,,
Honey Cunnies X-Cut 14,$10.69 ,$4.85 ,$5.84 ,$0.00 ,The Score Group,,
Dick Hungry MILFs 8,$9.58 ,$5.93 ,$0.00 ,$3.64 ,The Score Group,,
Naughty First Timers X-Cut 15,$9.43 ,$5.85 ,$2.70 ,$0.88 ,The Score Group,,
60 Plus MILFs 10,$9.18 ,$4.79 ,$2.70 ,$1.70 ,The Score Group,,
MILF Show X-Cut 4,$9.17 ,$2.30 ,$5.99 ,$0.87 ,The Score Group,,
Newcummers 5,$9.04 ,$2.11 ,$5.39 ,$1.54 ,The Score Group,,
Honey Cunnies X-Cut 15,$8.71 ,$7.88 ,$0.00 ,$0.83 ,The Score Group,,
Cum Bombs For Grannies,$8.57 ,$8.57 ,$0.00 ,$0.00 ,The Score Group,,
Score Girls X-Cut 8,$8.30 ,$8.30 ,$0.00 ,$0.00 ,The Score Group,,
All Stacked All Natural X-Cut 19,$8.11 ,$1.66 ,$5.05 ,$1.40 ,The Score Group,,
Score Girls X-Cut,$7.94 ,$7.94 ,$0.00 ,$0.00 ,The Score Group,,
Itty Bitty Slitties 2,$7.64 ,$6.15 ,$0.00 ,$1.49 ,The Score Group,,
Your Mom Loves Anal 3,$7.61 ,$7.61 ,$0.00 ,$0.00 ,The Score Group,,
Super Sized Sluts X-Cut,$7.54 ,$1.54 ,$5.99 ,$0.00 ,The Score Group,,
MILF Show X-Cut 12,$6.98 ,$1.58 ,$5.39 ,$0.00 ,The Score Group,,
Horny 50 Plus MILF's X-Cut 16,$6.94 ,$0.94 ,$0.00 ,$6.00 ,The Score Group,,
A Creampie For Granny 6,$6.86 ,$6.86 ,$0.00 ,$0.00 ,The Score Group,,
Horny 50 Plus MILF's X-Cut 18,$6.71 ,$0.91 ,$0.00 ,$5.79 ,The Score Group,,
The Dirtiest GILFs,$6.67 ,$6.67 ,$0.00 ,$0.00 ,The Score Group,,
Score Girls X-Cut 4,$6.58 ,$6.58 ,$0.00 ,$0.00 ,The Score Group,,
Ready For Stuffing X-Cut 13,$6.56 ,$3.56 ,$3.00 ,$0.00 ,The Score Group,,
60 Plus MILFs 12,$6.29 ,$4.92 ,$0.00 ,$1.36 ,The Score Group,,
Ready For Stuffing X-Cut 12,$6.28 ,$0.28 ,$5.99 ,$0.00 ,The Score Group,,
Super Sized Sluts X-Cut 2,$6.28 ,$6.28 ,$0.00 ,$0.00 ,The Score Group,,
Score Girls X-Cut 3,$6.25 ,$3.26 ,$3.00 ,$0.00 ,The Score Group,,
The Dirtiest Score Girls,$5.98 ,$5.98 ,$0.00 ,$0.00 ,The Score Group,,
Stacked To The Max X-Cut 2,$5.89 ,$2.89 ,$3.00 ,$0.00 ,The Score Group,,
Teen (18+) Bait 4,$5.73 ,$1.99 ,$2.56 ,$1.18 ,The Score Group,,
Score Girls X-Cut 2,$5.68 ,$4.54 ,$0.00 ,$1.14 ,The Score Group,,
I Fucked My Neighbor 3,$5.64 ,$2.95 ,$2.70 ,$0.00 ,The Score Group,,
Honey Cunnies X-Cut 18,$5.52 ,$2.67 ,$2.85 ,$0.00 ,The Score Group,,
MILF IR,$5.51 ,$4.52 ,$0.00 ,$0.98 ,The Score Group,,
Score Girls X-Cut 5,$5.11 ,$5.11 ,$0.00 ,$0.00 ,The Score Group,,
MILF Show X-Cut 5,$5.09 ,$4.49 ,$0.00 ,$0.60 ,The Score Group,,
MILF Show X-Cut 10,$4.98 ,$1.99 ,$3.00 ,$0.00 ,The Score Group,,
Big Racks Hot MILFs Hardcut 11,$4.97 ,$2.27 ,$2.70 ,$0.00 ,The Score Group,,
60 Plus MILFs 13,$4.91 ,$4.91 ,$0.00 ,$0.00 ,The Score Group,,
Stacked To The Max X-Cut,$4.60 ,$1.61 ,$3.00 ,$0.00 ,The Score Group,,
60 Plus MILFs 11,$4.49 ,$4.49 ,$0.00 ,$0.00 ,The Score Group,,
Naughty First Timers X-Cut 9,$4.42 ,$1.42 ,$3.00 ,$0.00 ,The Score Group,,
Brickhouse Babes 2,$4.40 ,$1.70 ,$2.70 ,$0.00 ,The Score Group,,
Desperate MILFs 2,$4.15 ,$4.15 ,$0.00 ,$0.00 ,The Score Group,,
Score Girls X-Cut 6,$4.10 ,$4.10 ,$0.00 ,$0.00 ,The Score Group,,
All Stacked All Natural X-Cut 18,$4.04 ,$1.35 ,$2.70 ,$0.00 ,The Score Group,,
Honey Cunnies X-Cut 13,$3.90 ,$3.22 ,$0.00 ,$0.68 ,The Score Group,,
Cheryl Blossom,$3.76 ,$0.76 ,$3.00 ,$0.00 ,The Score Group,,
Horny 60 Plus MILFs X-Cut,$3.74 ,$1.05 ,$2.70 ,$0.00 ,The Score Group,,
Horny 60 Plus MILF's X-Cut 6,$3.73 ,$1.03 ,$2.70 ,$0.00 ,The Score Group,,
40 And Fucked 4,$3.58 ,$2.52 ,$0.00 ,$1.06 ,The Score Group,,
MILF Show X-Cut 11,$3.49 ,$0.79 ,$2.70 ,$0.00 ,The Score Group,,
Fuckin' Naturals 4,$3.39 ,$3.39 ,$0.00 ,$0.00 ,The Score Group,,
Granny Loves Young Cock 5,$3.36 ,$3.36 ,$0.00 ,$0.00 ,The Score Group,,
Dick Hungry MILFs 7,$3.35 ,$0.97 ,$0.00 ,$2.38 ,The Score Group,,
Fuck My Step Mom 3,$3.27 ,$3.27 ,$0.00 ,$0.00 ,The Score Group,,
Tag-Teaming Grannies 3,$3.22 ,$2.32 ,$0.00 ,$0.90 ,The Score Group,,
Granny Loves Young Cock 3,$3.15 ,$3.15 ,$0.00 ,$0.00 ,The Score Group,,
Amateur Cunts X-Cut 8,$3.11 ,$0.41 ,$2.70 ,$0.00 ,The Score Group,,
After School Slut Club 10,$2.89 ,$1.86 ,$0.00 ,$1.04 ,The Score Group,,
Ass-Fucked Moms,$2.86 ,$0.90 ,$0.00 ,$1.96 ,The Score Group,,
50 Plus MILFs 14,$2.56 ,$2.56 ,$0.00 ,$0.00 ,The Score Group,,
40 And Fucked 5,$2.49 ,$1.44 ,$0.00 ,$1.05 ,The Score Group,,
Katy Ann,$2.33 ,$2.33 ,$0.00 ,$0.00 ,The Score Group,,
Teens (18+) In Need 2,$2.28 ,$2.28 ,$0.00 ,$0.00 ,The Score Group,,
Naughty First Timers X-Cut 8,$2.16 ,$2.16 ,$0.00 ,$0.00 ,The Score Group,,
Dick Hungry MILFs 5,$2.13 ,$2.13 ,$0.00 ,$0.00 ,The Score Group,,
50 Plus MILFs 15,$2.11 ,$2.11 ,$0.00 ,$0.00 ,The Score Group,,
Big Racks Hot MILFs Hardcut 12,$2.04 ,$2.04 ,$0.00 ,$0.00 ,The Score Group,,
Horny 60 Plus MILFs X-Cut 4,$2.04 ,$2.04 ,$0.00 ,$0.00 ,The Score Group,,
"What's That On Your Face, Grandma",$1.97 ,$1.97 ,$0.00 ,$0.00 ,The Score Group,,
Amateur Cunts X-Cut 9,$1.95 ,$1.95 ,$0.00 ,$0.00 ,The Score Group,,
Your Mom Did This,$1.95 ,$1.01 ,$0.00 ,$0.94 ,The Score Group,,
Busty Fucks 2,$1.95 ,$1.95 ,$0.00 ,$0.00 ,The Score Group,,
Honey Cunnies X-Cut 21,$1.81 ,$1.81 ,$0.00 ,$0.00 ,The Score Group,,
Glazed Cougars 5,$1.80 ,$1.80 ,$0.00 ,$0.00 ,The Score Group,,
40 And Fucked 7,$1.75 ,$1.75 ,$0.00 ,$0.00 ,The Score Group,,
Honey Cunnies X-Cut 20,$1.73 ,$1.73 ,$0.00 ,$0.00 ,The Score Group,,
40 And Fucked 3,$1.64 ,$1.64 ,$0.00 ,$0.00 ,The Score Group,,
Horny 50 Plus MILF's X-Cut 2,$1.62 ,$1.62 ,$0.00 ,$0.00 ,The Score Group,,
Dick Hungry MILFs 3,$1.59 ,$1.59 ,$0.00 ,$0.00 ,The Score Group,,
Teacher's Pussy Pet,$1.56 ,$1.56 ,$0.00 ,$0.00 ,The Score Group,,
Granny Loves Young Cock 6,$1.51 ,$1.51 ,$0.00 ,$0.00 ,The Score Group,,
Horny 60 Plus MILFs X-Cut 5,$1.51 ,$1.51 ,$0.00 ,$0.00 ,The Score Group,,
Naughty School Girls,$1.28 ,$0.54 ,$0.00 ,$0.74 ,The Score Group,,
All Stacked All Natural X-Cut 17,$1.24 ,$1.24 ,$0.00 ,$0.00 ,The Score Group,,
Horny 60 Plus MILF's X-Cut 3,$1.24 ,$1.24 ,$0.00 ,$0.00 ,The Score Group,,
Dick Hungry MILFs 2,$1.08 ,$1.08 ,$0.00 ,$0.00 ,The Score Group,,
Dick Hungry MILFs 6,$1.02 ,$1.02 ,$0.00 ,$0.00 ,The Score Group,,
Horny 60 Plus MILFs X-Cut 2,$0.99 ,$0.99 ,$0.00 ,$0.00 ,The Score Group,,
Dick Hungry MILFs 4,$0.94 ,$0.94 ,$0.00 ,$0.00 ,The Score Group,,
Amateur Cunts X-Cut 7,$0.93 ,$0.93 ,$0.00 ,$0.00 ,The Score Group,,
Horny 50 Plus MILF's X-Cut 17,$0.89 ,$0.89 ,$0.00 ,$0.00 ,The Score Group,,
Doin' Your Mom,$0.87 ,$0.87 ,$0.00 ,$0.00 ,The Score Group,,
I Fucked My Neighbor 4,$0.87 ,$0.87 ,$0.00 ,$0.00 ,The Score Group,,
"Your Mom, My Meat",$0.81 ,$0.81 ,$0.00 ,$0.00 ,The Score Group,,
Allie Pearson,$0.79 ,$0.79 ,$0.00 ,$0.00 ,The Score Group,,
"Bangin' Big, Busty Babes",$0.78 ,$0.78 ,$0.00 ,$0.00 ,The Score Group,,
40 And Fucked 2,$0.76 ,$0.76 ,$0.00 ,$0.00 ,The Score Group,,
Mega Tits Minka,$0.68 ,$0.68 ,$0.00 ,$0.00 ,The Score Group,,
40 And Fucked 6,$0.68 ,$0.68 ,$0.00 ,$0.00 ,The Score Group,,
40 And Fucked 8,$0.65 ,$0.65 ,$0.00 ,$0.00 ,The Score Group,,
Granny Loves BBC Hardcut 4,$0.50 ,$0.50 ,$0.00 ,$0.00 ,The Score Group,$830.52 ,
Teen (18+) Bait 5,$40.69 ,$30.12 ,$8.90 ,$1.67 ,"THE SCORE GROUP, 18 Eighteen",,
Teens Love Older Men,$36.26 ,$27.12 ,$3.00 ,$6.14 ,"THE SCORE GROUP, 18 Eighteen",,
18Eighteen School Girls,$22.63 ,$21.13 ,$1.50 ,$0.00 ,"THE SCORE GROUP, 18 Eighteen",,
Blaire Ivory,$9.63 ,$5.93 ,$3.02 ,$0.68 ,"THE SCORE GROUP, 18 Eighteen",,
Teen (18+) Bait 3,$9.14 ,$9.14 ,$0.00 ,$0.00 ,"The Score Group, 18 Eighteen",,
Backdoor Brats 3,$8.59 ,$4.54 ,$1.40 ,$2.65 ,"The Score Group, 18 Eighteen",$126.94 ,
Amateur Cunts X-Cut 10,$20.70 ,$12.95 ,$5.99 ,$1.75 ,"THE SCORE GROUP, Naughty Neighbors",,
Amateur Cunts X-Cut 6,$2.03 ,$2.03 ,$0.00 ,$0.00 ,"THE SCORE GROUP, Naughty Neighbors",,
Amateur Cunts X-Cut 5,$1.88 ,$1.88 ,$0.00 ,$0.00 ,"THE SCORE GROUP, Naughty Neighbors",,"$1,093.61 "
Amateur Cunts X-Cut 11,$10.17 ,$10.17 ,$0.00 ,$0.00 ,"The Score Group, Naughty Neighbors",,
Amateur Cunts X-Cut 4,$7.31 ,$4.31 ,$3.00 ,$0.00 ,"The Score Group, Naughty Neighbors",,
Naughty First Timers X-Cut 11,$6.53 ,$3.53 ,$3.00 ,$0.00 ,"The Score Group, Naughty Neighbors",,
Naughty First Timers X-Cut 10,$6.33 ,$5.39 ,$0.00 ,$0.94 ,"The Score Group, Naughty Neighbors",,
Bush Babies X-Cut 7,$5.59 ,$2.60 ,$3.00 ,$0.00 ,"The Score Group, Naughty Neighbors",,
Naughty First Timers X-Cut 16,$4.99 ,$2.30 ,$2.70 ,$0.00 ,"The Score Group, Naughty Neighbors",,
Bush Babies X-Cut 8,$4.32 ,$1.33 ,$3.00 ,$0.00 ,"The Score Group, Naughty Neighbors",,
Naughty First Timers X-Cut 18,$3.59 ,$0.89 ,$2.70 ,$0.00 ,"The Score Group, Naughty Neighbors",,
Naughty First Timers X-Cut 14,$2.97 ,$0.27 ,$2.70 ,$0.00 ,"The Score Group, Naughty Neighbors",,
Naughty First Timers X-Cut 13,$2.66 ,$2.66 ,$0.00 ,$0.00 ,"The Score Group, Naughty Neighbors",,
Naughty First Timers X-Cut 12,$2.51 ,$1.02 ,$0.00 ,$1.49 ,"The Score Group, Naughty Neighbors",$81.58 ,
Brickhouse Babes,$4.48 ,$4.48 ,$0.00 ,$0.00 ,"The Score Group, Thick Curvy",$4.48 ,
The Dirtiest Naturals,$13.88 ,$7.33 ,$6.55 ,$0.00 ,"The Score Group, Voluptuous",,
All Stacked All Natural X-Cut 20,$7.27 ,$5.77 ,$1.50 ,$0.00 ,"The Score Group, Voluptuous",,
Big Fat Tits X-Cut 2,$6.86 ,$0.86 ,$5.99 ,$0.00 ,"The Score Group, Voluptuous",,
Big Fat Tits X-Cut 3,$5.23 ,$1.27 ,$3.00 ,$0.96 ,"The Score Group, Voluptuous",,
All Stacked All Natural X-Cut 16,$4.30 ,$3.32 ,$0.00 ,$0.98 ,"The Score Group, Voluptuous",,
I'm Preggo,$4.23 ,$1.54 ,$2.70 ,$0.00 ,"The Score Group, Voluptuous",,
Big Fat Tits X-Cut 4,$3.93 ,$0.93 ,$3.00 ,$0.00 ,"The Score Group, Voluptuous",,
Big Fat Tits X-Cut,$3.25 ,$0.25 ,$3.00 ,$0.00 ,"The Score Group, Voluptuous",,
Big Fat Tits X-Cut 5,$1.14 ,$1.14 ,$0.00 ,$0.00 ,"The Score Group, Voluptuous",$50.09 ,
Put it in My Ass-MILF Anal,$6.36 ,$6.36 ,$0.00 ,$0.00 ,"THE SCORE GROUP, PornMegaLoad",,
Ass Fucked at 50,$2.69 ,$2.69 ,$0.00 ,$0.00 ,"THE SCORE GROUP, PornMegaLoad",,
40 Year Olds With 40 Inches Of Ass,$1.70 ,$0.58 ,$0.00 ,$1.12 ,"THE SCORE GROUP, PornMegaLoad",,
Cum On My Teen (18+) Face,$1.55 ,$1.55 ,$0.00 ,$0.00 ,"THE SCORE GROUP, PornMegaLoad",,
Black Cock Addicted MILFs,$0.49 ,$0.49 ,$0.00 ,$0.00 ,"THE SCORE GROUP, PornMegaLoad",,
DP'ed Big Titty MILFs,$3.87 ,$1.18 ,$2.70 ,$0.00 ,"THE SCORE GROUP, PornMegaLoad",,
Dirty Talking GILFs,$19.70 ,$12.20 ,$0.00 ,$7.50 ,"THE SCORE GROUP, PornMegaLoad",,
Deep In My Ass Please,$11.86 ,$7.70 ,$0.00 ,$4.16 ,"THE SCORE GROUP, PornMegaLoad",,
Livin' The Fuckin' Life The Golden Years,$10.29 ,$10.29 ,$0.00 ,$0.00 ,"THE SCORE GROUP, PornMegaLoad",,
DP'ed At 60,$10.08 ,$10.08 ,$0.00 ,$0.00 ,"THE SCORE GROUP, PornMegaLoad",,
Cum Inside 50 Year Old Trophy Wives,$6.32 ,$6.32 ,$0.00 ,$0.00 ,"THE SCORE GROUP, PornMegaLoad",,
Over 50 Anal Fucking,$5.73 ,$4.60 ,$0.00 ,$1.13 ,"THE SCORE GROUP, PornMegaLoad",,
My Grandma Does Anal,$5.68 ,$3.83 ,$0.00 ,$1.85 ,"THE SCORE GROUP, PornMegaLoad",,
MILFs Say Fuck My Ass,$5.10 ,$5.10 ,$0.00 ,$0.00 ,"THE SCORE GROUP, PornMegaLoad",,
Gigantic MILF Titties,$4.77 ,$3.24 ,$0.00 ,$1.54 ,"THE SCORE GROUP, PornMegaLoad",,
Over The Hill Anal MILFs,$4.45 ,$1.89 ,$2.56 ,$0.00 ,"THE SCORE GROUP, PornMegaLoad",,
DD MILFs DP'ed,$4.42 ,$1.24 ,$0.00 ,$3.18 ,"THE SCORE GROUP, PornMegaLoad",,
MILFs Cuckoo For Cocoa Cock,$3.98 ,$1.01 ,$0.00 ,$2.97 ,"THE SCORE GROUP, PornMegaLoad",,
Hiring The Help,$3.60 ,$3.60 ,$0.00 ,$0.00 ,"THE SCORE GROUP, PornMegaLoad",,
Pussy Pierced MILFs And GILFs 2,$3.50 ,$3.50 ,$0.00 ,$0.00 ,"THE SCORE GROUP, PornMegaLoad",,
Fit And Fucked At 50,$3.42 ,$3.42 ,$0.00 ,$0.00 ,"THE SCORE GROUP, PornMegaLoad",,
Bushes Of MILF,$3.10 ,$3.10 ,$0.00 ,$0.00 ,"THE SCORE GROUP, PornMegaLoad",,
GILF Monster Tits,$3.04 ,$1.65 ,$0.00 ,$1.39 ,"THE SCORE GROUP, PornMegaLoad",,
Ass Fucking 50 Year Olds,$2.87 ,$2.87 ,$0.00 ,$0.00 ,"THE SCORE GROUP, PornMegaLoad",,
Divorced And Dying For Big Dick,$2.86 ,$2.86 ,$0.00 ,$0.00 ,"THE SCORE GROUP, PornMegaLoad",,
Cock-Crazy Grannies,$2.66 ,$2.66 ,$0.00 ,$0.00 ,"THE SCORE GROUP, PornMegaLoad",,
60 Year Old Anal Silver Foxes,$2.46 ,$2.46 ,$0.00 ,$0.00 ,"THE SCORE GROUP, PornMegaLoad",,
Getting Sexier With Age,$2.13 ,$2.13 ,$0.00 ,$0.00 ,"THE SCORE GROUP, PornMegaLoad",,
Cum On Mommy's Face,$2.05 ,$2.05 ,$0.00 ,$0.00 ,"THE SCORE GROUP, PornMegaLoad",,
Big Tit 50 Year Old Booty,$1.99 ,$1.99 ,$0.00 ,$0.00 ,"THE SCORE GROUP, PornMegaLoad",,
Tanned Moms With Huge Tits,$1.72 ,$1.72 ,$0.00 ,$0.00 ,"THE SCORE GROUP, PornMegaLoad",,
MILFs Get Piledriven,$1.55 ,$1.55 ,$0.00 ,$0.00 ,"THE SCORE GROUP, PornMegaLoad",,
Big Tit MILF Squirters,$1.42 ,$1.42 ,$0.00 ,$0.00 ,"THE SCORE GROUP, PornMegaLoad",,
My Debut On Dick,$0.54 ,$0.54 ,$0.00 ,$0.00 ,"THE SCORE GROUP, PornMegaLoad",,
MILF Imports,$0.51 ,$0.51 ,$0.00 ,$0.00 ,"THE SCORE GROUP, PornMegaLoad",,
My Other Mother,$31.44 ,$15.32 ,$1.50 ,$14.62 ,"The Score Group, PornMegaLoad",,
Granny Goes Black,$26.66 ,$20.79 ,$5.88 ,$0.00 ,"The Score Group, PornMegaLoad",,
Don't Tell My Daughter,$24.45 ,$24.45 ,$0.00 ,$0.00 ,"The Score Group, PornMegaLoad",,
Cum On Grandma's Face,$21.74 ,$16.05 ,$0.00 ,$5.69 ,"The Score Group, PornMegaLoad",,
40in Black Gyatt Girls,$13.40 ,$5.90 ,$0.00 ,$7.50 ,"The Score Group, PornMegaLoad",,
Big Tit Boomers,$11.91 ,$2.92 ,$1.50 ,$7.50 ,"The Score Group, PornMegaLoad",,
55 Plus Busty Anal GILFs,$11.22 ,$9.71 ,$0.00 ,$1.51 ,"The Score Group, PornMegaLoad",,
Angels 60 To 76 Year Old GILFS,$10.50 ,$9.00 ,$1.50 ,$0.00 ,"The Score Group, PornMegaLoad",,
"60, Sexy And Still Fucking",$10.33 ,$10.33 ,$0.00 ,$0.00 ,"The Score Group, PornMegaLoad",,
DP Granny,$9.71 ,$9.71 ,$0.00 ,$0.00 ,"The Score Group, PornMegaLoad",,
Ass Fucked At 40,$8.52 ,$5.52 ,$3.00 ,$0.00 ,"The Score Group, PornMegaLoad",,
Natty MILF Mega Tits,$6.49 ,$6.49 ,$0.00 ,$0.00 ,"The Score Group, PornMegaLoad",,
Ass Fucked Big Tit Stepmoms,$6.13 ,$6.13 ,$0.00 ,$0.00 ,"The Score Group, PornMegaLoad",,
Fucking My Son's Friend 2,$6.02 ,$4.28 ,$0.00 ,$1.73 ,"The Score Group, PornMegaLoad",,
I Fuck My Son's Friends,$6.00 ,$3.37 ,$0.00 ,$2.63 ,"The Score Group, PornMegaLoad",,
Holy Fucking Tits,$5.89 ,$4.74 ,$0.00 ,$1.15 ,"The Score Group, PornMegaLoad",,
50YO First Timers,$5.83 ,$5.83 ,$0.00 ,$0.00 ,"The Score Group, PornMegaLoad",,
Taste My Asian Teen (18+) Pussy,$5.71 ,$2.72 ,$3.00 ,$0.00 ,"The Score Group, PornMegaLoad",,
Big Tit 40 Plus MILFs,$5.42 ,$2.43 ,$0.00 ,$2.99 ,"The Score Group, PornMegaLoad",,
Do You Wanna Fuck My Ass,$5.40 ,$2.40 ,$3.00 ,$0.00 ,"The Score Group, PornMegaLoad",,
50 Year Old Anal Loving GILFs,$5.35 ,$3.65 ,$0.00 ,$1.70 ,"The Score Group, PornMegaLoad",,
Big Titty Grannies,$5.25 ,$3.74 ,$0.00 ,$1.51 ,"The Score Group, PornMegaLoad",,
Ass Fucked At 60,$4.90 ,$4.90 ,$0.00 ,$0.00 ,"The Score Group, PornMegaLoad",,
GILFs Love Cocoa Cock,$4.79 ,$4.79 ,$0.00 ,$0.00 ,"The Score Group, PornMegaLoad",,
"Bushy, Big-Titted MILFs",$4.31 ,$2.88 ,$0.00 ,$1.43 ,"The Score Group, PornMegaLoad",,
Matures Want Anal,$4.04 ,$2.27 ,$0.00 ,$1.77 ,"The Score Group, PornMegaLoad",,
Teachers Turn 2 Porn,$4.01 ,$4.01 ,$0.00 ,$0.00 ,"The Score Group, PornMegaLoad",,
Fucking My Son's Friend,$3.64 ,$3.64 ,$0.00 ,$0.00 ,"The Score Group, PornMegaLoad",,
60 Plus Anal Fucking,$3.58 ,$3.58 ,$0.00 ,$0.00 ,"The Score Group, PornMegaLoad",,
MILFs With Ass,$3.32 ,$1.32 ,$0.00 ,$2.00 ,"The Score Group, PornMegaLoad",,
Big Tit Thick MILFs,$3.24 ,$1.77 ,$0.00 ,$1.46 ,"The Score Group, PornMegaLoad",,
Mamasan MILFs And GILFs,$2.90 ,$2.90 ,$0.00 ,$0.00 ,"The Score Group, PornMegaLoad",,
DD MILF POV,$2.64 ,$2.64 ,$0.00 ,$0.00 ,"The Score Group, PornMegaLoad",,
Cover My Face In Cum,$2.50 ,$2.50 ,$0.00 ,$0.00 ,"The Score Group, PornMegaLoad",,
Busty Prime MILF Pussy,$2.49 ,$2.49 ,$0.00 ,$0.00 ,"The Score Group, PornMegaLoad",,
FUPA BBW Fucking,$2.42 ,$2.42 ,$0.00 ,$0.00 ,"The Score Group, PornMegaLoad",,
Mega Titty MILFs,$2.42 ,$2.42 ,$0.00 ,$0.00 ,"The Score Group, PornMegaLoad",,
Big Cock For Granny,$2.38 ,$2.38 ,$0.00 ,$0.00 ,"The Score Group, PornMegaLoad",,
His Wife Has Bigger Tits Than Mine,$2.33 ,$0.58 ,$0.00 ,$1.75 ,"The Score Group, PornMegaLoad",,
Pussy Pierced MILFs And GILFs,$2.31 ,$2.31 ,$0.00 ,$0.00 ,"The Score Group, PornMegaLoad",,
MILF Tan Lines,$2.20 ,$2.20 ,$0.00 ,$0.00 ,"The Score Group, PornMegaLoad",,
MILFs With Ass 2,$2.16 ,$2.16 ,$0.00 ,$0.00 ,"The Score Group, PornMegaLoad",,
Huge Size H Titties,$1.85 ,$0.51 ,$0.00 ,$1.34 ,"The Score Group, PornMegaLoad",,
MILF Tits Supersized,$1.84 ,$1.84 ,$0.00 ,$0.00 ,"The Score Group, PornMegaLoad",,
MILF Facials,$1.73 ,$1.73 ,$0.00 ,$0.00 ,"The Score Group, PornMegaLoad",,
Come Help Your Stepmother,$1.72 ,$1.72 ,$0.00 ,$0.00 ,"The Score Group, PornMegaLoad",,
Holy Fucking Tits 2,$1.69 ,$1.69 ,$0.00 ,$0.00 ,"The Score Group, PornMegaLoad",,
2 Cocks Vs 1 Granny,$1.62 ,$1.62 ,$0.00 ,$0.00 ,"The Score Group, PornMegaLoad",,
Porn Debut At 50,$1.47 ,$1.47 ,$0.00 ,$0.00 ,"The Score Group, PornMegaLoad",,
Bushy Teen (18+) Facials,$1.46 ,$1.46 ,$0.00 ,$0.00 ,"The Score Group, PornMegaLoad",,
MILFs Of Prague,$1.14 ,$1.14 ,$0.00 ,$0.00 ,"The Score Group, PornMegaLoad",,
Cum On My Cute Teen (18+) Face,$0.73 ,$0.73 ,$0.00 ,$0.00 ,"The Score Group, PornMegaLoad",,
Big Tit Tattooed MILFs,$0.72 ,$0.72 ,$0.00 ,$0.00 ,"The Score Group, PornMegaLoad",,
Big G-Cup Natural Tits,$0.61 ,$0.61 ,$0.00 ,$0.00 ,"The Score Group, PornMegaLoad",,
MILF Facials 2,$0.52 ,$0.52 ,$0.00 ,$0.00 ,"The Score Group, PornMegaLoad",,
MILFs Big Tits And Tattoos,$0.48 ,$0.48 ,$0.00 ,$0.00 ,"The Score Group, PornMegaLoad",,
I'm Just 19,$0.33 ,$0.33 ,$0.00 ,$0.00 ,"The Score Group, PornMegaLoad",$472.32 ,
Young Natural And Hairy,$1.51 ,$0.26 ,$0.00 ,$1.25 ,TYJAM,,
Wild Black And White Fucking,$0.51 ,$0.51 ,$0.00 ,$0.00 ,TYJAM,,
Sexiest Boobs,$0.50 ,$0.50 ,$0.00 ,$0.00 ,TYJAM,,
Wet Ass Pussy,$0.28 ,$0.28 ,$0.00 ,$0.00 ,TYJAM,,
"Big, Real And Bouncy Tits",$0.21 ,$0.21 ,$0.00 ,$0.00 ,TYJAM,,
3-Way Anal Parlay,$0.15 ,$0.15 ,$0.00 ,$0.00 ,TYJAM,,
Cute Cock Lovers,$0.06 ,$0.06 ,$0.00 ,$0.00 ,TYJAM,$3.22 ,
,,,,,,,
,"$2,221.54 ",,,,,2221.54,
,,,,,,,
,,,,,,,
,,,,,,,
,,,,,,,
,,,,,,,
,,,,,,,
,,,,,,,
,,,,,,,
,,,,,,,
,,,,,,,
,,,,,,,
,,,,,,,
,,,,,,,
,,,,,,,
,,,,,,,
,,,,,,,
,,,,,,,
,,,,,,,
,,,,,,,
,,,,,,,
,,,,,,,
,,,,,,,
,,,,,,,
,,,,,,,
,,,,,,,
,,,,,,,
,,,,,,,
,,,,,,,
,,,,,,,
,,,,,,,
,,,,,,,
,,,,,,,
,,,,,,,
,,,,,,,
,,,,,,,
,,,,,,,
,,,,,,,
,,,,,,,
,,,,,,,
,,,,,,,
,,,,,,,
,,,,,,,
,,,,,,,
,,,,,,,
,,,,,,,
,,,,,,,
,,,,,,,
,,,,,,,
,,,,,,,
,,,,,,,
,,,,,,,
,,,,,,,
,,,,,,,
,,,,,,,
,,,,,,,
,,,,,,,
,,,,,,,
,,,,,,,
,,,,,,,
,,,,,,,
,,,,,,,
,,,,,,,
,,,,,,,
,,,,,,,
,,,,,,,
,,,,,,,
,,,,,,,
,,,,,,,
,,,,,,,
,,,,,,,
,,,,,,,
,,,,,,,
,,,,,,,
,,,,,,,
,,,,,,,
,,,,,,,
,,,,,,,
,,,,,,,
,,,,,,,
,,,,,,,
,,,,,,,
,,,,,,,
,,,,,,,
,,,,,,,
,,,,,,,
,,,,,,,
,,,,,,,
,,,,,,,
,,,,,,,
,,,,,,,
,,,,,,,
,,,,,,,
,,,,,,,
,,,,,,,
,,,,,,,
,,,,,,,
,,,,,,,
,,,,,,,
,,,,,,,
,,,,,,,
,,,,,,,
,,,,,,,
,,,,,,,
,,,,,,,
,,,,,,,
,,,,,,,
,,,,,,,
,,,,,,,
,,,,,,,
,,,,,,,
,,,,,,,
,,,,,,,
,,,,,,,
,,,,,,,
,,,,,,,
,,,,,,,
,,,,,,,
,,,,,,,
,,,,,,,
,,,,,,,
,,,,,,,
,,,,,,,
,,,,,,,
,,,,,,,
,,,,,,,
,,,,,,,
,,,,,,,
,,,,,,,
,,,,,,,
,,,,,,,
,,,,,,,
,,,,,,,
,,,,,,,
,,,,,,,
,,,,,,,
,,,,,,,
,,,,,,,
,,,,,,,
,,,,,,,
,,,,,,,
,,,,,,,
,,,,,,,
,,,,,,,
,,,,,,,
,,,,,,,
,,,,,,,
,,,,,,,
,,,,,,,
,,,,,,,
,,,,,,,
,,,,,,,
,,,,,,,
,,,,,,,
,,,,,,,
,,,,,,,
,,,,,,,
,,,,,,,
,,,,,,,
,,,,,,,
,,,,,,,
,,,,,,,
,,,,,,,
,,,,,,,
,,,,,,,
,,,,,,,
,,,,,,,
,,,,,,,
,,,,,,,
,,,,,,,
,,,,,,,
,,,,,,,
,,,,,,,
,,,,,,,
,,,,,,,
,,,,,,,
,,,,,,,
,,,,,,,
,,,,,,,
,,,,,,,
,,,,,,,
,,,,,,,
,,,,,,,
,,,,,,,
,,,,,,,
,,,,,,,
,,,,,,,
,,,,,,,
,,,,,,,
,,,,,,,
,,,,,,,
,,,,,,,
,,,,,,,
,,,,,,,
,,,,,,,
,,,,,,,
,,,,,,,
,,,,,,,
,,,,,,,
,,,,,,,
,,,,,,,
,,,,,,,
,,,,,,,
,,,,,,,
,,,,,,,
,,,,,,,
,,,,,,,
,,,,,,,
,,,,,,,
,,,,,,,
,,,,,,,
,,,,,,,
,,,,,,,
,,,,,,,
,,,,,,,
,,,,,,,
,,,,,,,
,,,,,,,
,,,,,,,
,,,,,,,
,,,,,,,
,,,,,,,
,,,,,,,
,,,,,,,
,,,,,,,
,,,,,,,
,,,,,,,
,,,,,,,
,,,,,,,
,,,,,,,
,,,,,,,
,,,,,,,
,,,,,,,
,,,,,,,
,,,,,,,
,,,,,,,
,,,,,,,
,,,,,,,
,,,,,,,
,,,,,,,
,,,,,,,
,,,,,,,
,,,,,,,
,,,,,,,
,,,,,,,
,,,,,,,
,,,,,,,
,,,,,,,
,,,,,,,
,,,,,,,
,,,,,,,
,,,,,,,
,,,,,,,
,,,,,,,
,,,,,,,
,,,,,,,
,,,,,,,
,,,,,,,
,,,,,,,
,,,,,,,
,,,,,,,
,,,,,,,
,,,,,,,
,,,,,,,
,,,,,,,
,,,,,,,
,,,,,,,
,,,,,,,
,,,,,,,
,,,,,,,
,,,,,,,
,,,,,,,
,,,,,,,
,,,,,,,
,,,,,,,
,,,,,,,
,,,,,,,
,,,,,,,
,,,,,,,
,,,,,,,
,,,,,,,
,,,,,,,
,,,,,,,
,,,,,,,
,,,,,,,
,,,,,,,
,,,,,,,
,,,,,,,
,,,,,,,
,,,,,,,
,,,,,,,
,,,,,,,
,,,,,,,
,,,,,,,
,,,,,,,
,,,,,,,
,,,,,,,
,,,,,,,
,,,,,,,
,,,,,,,
,,,,,,,
,,,,,,,
,,,,,,,
,,,,,,,
,,,,,,,
,,,,,,,
,,,,,,,
,,,,,,,
,,,,,,,
,,,,,,,
,,,,,,,
,,,,,,,
,,,,,,,
,,,,,,,
,,,,,,,
,,,,,,,
,,,,,,,
,,,,,,,
,,,,,,,
,,,,,,,
,,,,,,,
,,,,,,,
,,,,,,,
,,,,,,,
,,,,,,,
,,,,,,,
,,,,,,,
,,,,,,,
,,,,,,,
,,,,,,,
,,,,,,,
,,,,,,,
,,,,,,,
,,,,,,,
,,,,,,,
,,,,,,,
,,,,,,,
,,,,,,,
,,,,,,,
,,,,,,,
,,,,,,,
,,,,,,,
,,,,,,,
,,,,,,,
,,,,,,,
,,,,,,,
,,,,,,,
,,,,,,,
,,,,,,,
,,,,,,,
,,,,,,,
,,,,,,,
,,,,,,,
,,,,,,,
,,,,,,,
,,,,,,,
,,,,,,,
,,,,,,,
,,,,,,,
,,,,,,,
,,,,,,,
,,,,,,,
,,,,,,,
,,,,,,,
,,,,,,,
,,,,,,,
,,,,,,,
,,,,,,,
,,,,,,,
,,,,,,,
,,,,,,,
,,,,,,,
,,,,,,,
,,,,,,,
,,,,,,,
,,,,,,,
,,,,,,,
,,,,,,,
,,,,,,,
,,,,,,,
,,,,,,,
,,,,,,,
,,,,,,,
,,,,,,,
,,,,,,,
,,,,,,,
,,,,,,,
,,,,,,,
,,,,,,,
,,,,,,,
,,,,,,,
,,,,,,,
,,,,,,,
,,,,,,,
,,,,,,,
,,,,,,,
,,,,,,,
,,,,,,,
,,,,,,,
,,,,,,,
,,,,,,,
,,,,,,,
,,,,,,,
,,,,,,,
,,,,,,,
,,,,,,,
,,,,,,,
,,,,,,,
,,,,,,,
,,,,,,,
,,,,,,,
,,,,,,,
,,,,,,,
,,,,,,,
,,,,,,,
,,,,,,,
,,,,,,,
,,,,,,,
,,,,,,,
,,,,,,,
,,,,,,,
,,,,,,,
,,,,,,,
,,,,,,,
,,,,,,,
,,,,,,,
,,,,,,,
,,,,,,,
,,,,,,,
,,,,,,,
,,,,,,,
,,,,,,,
,,,,,,,
,,,,,,,
,,,,,,,
,,,,,,,
,,,,,,,
,,,,,,,
,,,,,,,
,,,,,,,
,,,,,,,
,,,,,,,
,,,,,,,
,,,,,,,
,,,,,,,
,,,,,,,
,,,,,,,
,,,,,,,
,,,,,,,
,,,,,,,
,,,,,,,
,,,,,,,
,,,,,,,
,,,,,,,
,,,,,,,
,,,,,,,
,,,,,,,
,,,,,,,
,,,,,,,
,,,,,,,
,,,,,,,
,,,,,,,
,,,,,,,
,,,,,,,
,,,,,,,
,,,,,,,
,,,,,,,
,,,,,,,
,,,,,,,
,,,,,,,
,,,,,,,
,,,,,,,
,,,,,,,
,,,,,,,
,,,,,,,
,,,,,,,
,,,,,,,
,,,,,,,
,,,,,,,
,,,,,,,
,,,,,,,
,,,,,,,
,,,,,,,
,,,,,,,
,,,,,,,
,,,,,,,
,,,,,,,
,,,,,,,
,,,,,,,
,,,,,,,
,,,,,,,
,,,,,,,
,,,,,,,
,,,,,,,
,,,,,,,
,,,,,,,
,,,,,,,
,,,,,,,
,,,,,,,
,,,,,,,
,,,,,,,
,,,,,,,
,,,,,,,
,,,,,,,
,,,,,,,
,,,,,,,
,,,,,,,
,,,,,,,
,,,,,,,
,,,,,,,
,,,,,,,
,,,,,,,
,,,,,,,
,,,,,,,
,,,,,,,
,,,,,,,
,,,,,,,
,,,,,,,
