All Media Group,COX PRODUCTIONS,AMG_anal_cosmina_TV.mp4,1,,
All Media Group,COX PRODUCTIONS,AMG_anal_fucking_the_tight_goth_ass_of_ophelia_rain_TV.mp4,1,,
All Media Group,COX PRODUCTIONS,AMG_Big_tits_Big_Dick_Even_Bigger_Tits_Angel_Wicky_TV.mp4,1,,
All Media Group,COX PRODUCTIONS,AMG_Big_tits_sexy_all_natural_redhead_octavia_red_sucks_fucks_big_cock.mp4,1,,
All Media Group,COX PRODUCTIONS,AMG_Big_tits_sexy_all_natural_redhead_octavia_red_sucks_fucks_big_cock_TV.mp4,1,5 SCENES,COX PRODUCTIONS
All Media Group,AMG,AMG_Busty_Babes_in_the_Sun_01.mp4,1,,
All Media Group,AMG,AMG_Busty_Babes_in_the_Sun_02.mp4,1,,
All Media Group,AMG,AMG_Busty_Babes_in_the_Sun_03.mp4,1,,
All Media Group,GOOD PORN,AMG_Anal_Virgins_02.mp4,1,,
All Media Group,GOOD PORN,AMG_Anal_Virgins_03.mp4,1,,
All Media Group,GOOD PORN,AMG_Butt_Stuffed_02.mp4,1,,
All Media Group,GOOD PORN,AMG_Butt_Stuffed_03.mp4,1,,
All Media Group,GOOD PORN,AMG_Butt_Stuffed_04.mp4,1,,
All Media Group,GOOD PORN,AMG_DOUBLE_TEAMED_TEENS_03.mp4,1,,
All Media Group,GOOD PORN,AMG_DOUBLE_TEAMED_TEENS_04.mp4,1,,
All Media Group,GOOD PORN,AMG_dvd059_Fresh_Juicy_Blonde_Pussy_02.mp4,1,,
All Media Group,GOOD PORN,AMG_dvd059_Fresh_Juicy_Blonde_Pussy_04.mp4,1,,
All Media Group,GOOD PORN,AMG_Goodporn_Fuck_MY_Ass_02.mp4,1,,
All Media Group,GOOD PORN,AMG_Goodporn_Fuck_MY_Ass_03.mp4,1,,
All Media Group,GOOD PORN,AMG_GoodPorn_I_WANT_EM_YOUNG_03.mp4,1,,
All Media Group,GOOD PORN,AMG_GoodPorn_Its_Fuckin_Anal_01.mp4,1,,
All Media Group,GOOD PORN,AMG_Hot_Horny_and_Innocent_Wanna_be_Fucked_03.mp4,1,,
All Media Group,GOOD PORN,AMG_Teen_Anal_Sexperts_01.mp4,1,,
All Media Group,GOOD PORN,AMG_Teen_Anal_Sexperts_02.mp4,1,,
All Media Group,GOOD PORN,AMG_Teen_Anal_Sexperts_03.mp4,1,,
All Media Group,GOOD PORN,AMG_Threeway_Delight_01.mp4,1,,
All Media Group,GOOD PORN,AMG_Threeway_Delight_03.mp4,1,,
All Media Group,GOOD PORN,AMG_Threeway_Delight_04.mp4,1,,
All Media Group,GOOD PORN,AMG_Petite_Teenage_Pussy_02.mp4,1,,
All Media Group,GOOD PORN,AMG_Tight-Teen_Tushies_04.mp4,1,,
All Media Group,GOOD PORN,AMG_Two_Girls_Double_Pleasures_02.mp4,1,,
All Media Group,GOOD PORN,AMG_We_love_cock_3_01.mp4,1,,
All Media Group,GOOD PORN,AMG_We_love_cock_3_03.mp4,1,,
All Media Group,GOOD PORN,AMG_Young_Anal_Sugar_04.mp4,1,,
All Media Group,GOOD PORN,AMG_Young-Pussy_Paradise_01.mp4,1,,
All Media Group,GOOD PORN,AMG_Young-Pussy_Paradise_03.mp4,1,31 SCENES,GOOD PORN
All Media Group,GRIND MEDIA,AMG_Alison_Tylers_Lesbian_Experience_03.mp4,1,,
All Media Group,GRIND MEDIA,AMG_Alison_Tylers_Lesbian_Experience_07.mp4,1,,
All Media Group,GRIND MEDIA,AMG_Alison_Tylers_Lesbian_Experience_10.mp4,1,,
All Media Group,GRIND MEDIA,AMG_Alison_Tylers_Lesbian_Experience_11.mp4,1,4 SCENES,GRIND MEDIA
All Media Group,K2Z ENTERPRISES,AMG_chi0175_TV.mp4,1,,
All Media Group,K2Z ENTERPRISES,AMG_chi0184_TV.mp4,1,,
All Media Group,K2Z ENTERPRISES,AMG_FFWatAnders_chi0010_TV.mp4,1,,
All Media Group,K2Z ENTERPRISES,AMG_FFWatAnders_chi0024_TV.mp4,1,,
All Media Group,K2Z ENTERPRISES,AMG_FFWatAnders_chi0025_TV.mp4,1,,
All Media Group,K2Z ENTERPRISES,AMG_FFWatAnders_chi0071_TV.mp4,1,,
All Media Group,K2Z ENTERPRISES,AMG_FFWatAnders_chi0097_TV.mp4,1,,
All Media Group,K2Z ENTERPRISES,AMG_FUCK_MY_BIG_TIT_WIFE_01.mp4,1,,
All Media Group,K2Z ENTERPRISES,AMG_FUCK_MY_BIG_TIT_WIFE_02.mp4,1,,
All Media Group,K2Z ENTERPRISES,AMG_hhles0200_TV.mp4,1,,
All Media Group,K2Z ENTERPRISES,AMG_hhles0220_TV.mp4,1,,
All Media Group,K2Z ENTERPRISES,AMG_HotHotF_chi0175_TV.mp4,1,,
All Media Group,K2Z ENTERPRISES,AMG_HotHotF_chi0181_TV.mp4,1,,
All Media Group,K2Z ENTERPRISES,AMG_HotHotF_chi0184_TV.mp4,1,,
All Media Group,K2Z ENTERPRISES,AMG_HotHotF_chi0186_TV.mp4,1,,
All Media Group,K2Z ENTERPRISES,AMG_HotHotF_hhles0180_Xmas_TV.mp4,1,,
All Media Group,K2Z ENTERPRISES,AMG_HotHotF_hhles0186_TV.mp4,1,,
All Media Group,K2Z ENTERPRISES,AMG_HotHotF_hhles0193_TV.mp4,1,,
All Media Group,K2Z ENTERPRISES,AMG_HotHotF_hhles0195_TV.mp4,1,,
All Media Group,K2Z ENTERPRISES,AMG_HotHotF_hhles0200_TV.mp4,1,,
All Media Group,K2Z ENTERPRISES,AMG_HotHotF_hhles0211_TV.mp4,1,,
All Media Group,K2Z ENTERPRISES,AMG_HotHotF_hhles0217_TV.mp4,1,,
All Media Group,K2Z ENTERPRISES,AMG_HotHotF_hhles0220_TV.mp4,1,23 SCENES,K2Z ENTERPRISES
All Media Group,MILES LONG,AMG_MilesLong_AYRE_4_01.mp4,1,,
All Media Group,MILES LONG,AMG_MilesLong_AYRE_4_02.mp4,1,,
All Media Group,MILES LONG,AMG_MilesLong_EVERYONE_LOVRS_SPICY_LATINA_GIRLS_03.mp4,1,,
All Media Group,MILES LONG,AMG_MilesLong_Lesbian_Big_Booty_Lovers_3_04.mp4,1,,
All Media Group,MILES LONG,AMG_MilesLong_Lesbian_Big_Booty_Lovers_3_05.mp4,1,,
All Media Group,MILES LONG,AMG_MilesLong_Squirt_Monsters_3_04.mp4,1,,
All Media Group,MILES LONG,AMG_Pretty_Kitties_05.mp4,1,,
All Media Group,MILES LONG,AMG_Pretty_Kitties2_02.mp4,1,,
All Media Group,MILES LONG,AMG_Pretty_Kitties2_04.mp4,1,,
All Media Group,MILES LONG,AMG_Pussy_Crazy3_01.mp4,1,,
All Media Group,MILES LONG,AMG_Pussy_Crazy4_01.mp4,1,11 SCENES,MILES LONG
All Media Group,OXYGEN ENTERPRISES,AMG_17_06_09_dtw_di_devi_x_tera_link_TV.mp4,1,1 SCENE,OXYGEN
All Media Group,PORNMEGALOAD,AMG_Ass_Fucked_Big_Tit_Moms_03.mp4,1,,
All Media Group,PORNMEGALOAD,AMG_Big_Tit_50YO_Booty_39204_Nikki_Brava.mp4,1,,
All Media Group,PORNMEGALOAD,AMG_Big_Tit_Tattooed_MILFs_37509_Blondie_Bombshell.mp4,1,,
All Media Group,PORNMEGALOAD,AMG_Big_Tit_Thick_MILFs_04.mp4,1,,
All Media Group,PORNMEGALOAD,AMG_Big_Titty_Grannies_38328_Tahnee_Taylor.mp4,1,,
All Media Group,PORNMEGALOAD,AMG_Black_Cock_Addicted_MILFs_34125_Hannah_Grace.mp4,1,,
All Media Group,PORNMEGALOAD,AMG_Black_Cock_Addicted_MILFs_35559_Jessi_Lee.mp4,1,,
All Media Group,PORNMEGALOAD,AMG_BUSH-Big_Tit-AMG_MILFs_02.mp4,1,,
All Media Group,PORNMEGALOAD,AMG_Bushy_Teen_Facials_36705_Jessica_Marie.mp4,1,,
All Media Group,PORNMEGALOAD,AMG_Bushy_Teen_Facials_37929_Harper_Red.mp4,1,,
All Media Group,PORNMEGALOAD,AMG_Come_Help_Your_Mother_01.mp4,1,,
All Media Group,PORNMEGALOAD,AMG_Come_Help_Your_Mother_04.mp4,1,,
All Media Group,PORNMEGALOAD,AMG_Cover_My_Face_In_Cum_01.mp4,1,,
All Media Group,PORNMEGALOAD,AMG_Cover_My_Face_In_Cum_02.mp4,1,,
All Media Group,PORNMEGALOAD,AMG_Cover_My_Face_In_Cum_03.mp4,1,,
All Media Group,PORNMEGALOAD,AMG_Cum_On_Mommys_Face_02.mp4,1,,
All Media Group,PORNMEGALOAD,AMG_Cum_On_Mommys_Face_03.mp4,1,,
All Media Group,PORNMEGALOAD,AMG_Cum_On_My_Cute_Teen_Face_02.mp4,1,,
All Media Group,PORNMEGALOAD,AMG_Cum_On_My_Cute_Teen_Face_03.mp4,1,,
All Media Group,PORNMEGALOAD,AMG_Cum_On_My_Cute_Teen_Face_04.mp4,1,,
All Media Group,PORNMEGALOAD,AMG_Cum_On_My_Teen_Face_35210_Melody_Marks.mp4,1,,
All Media Group,PORNMEGALOAD,AMG_Cum_On_My_Teen_Face_37252_Annie_Archer.mp4,1,,
All Media Group,PORNMEGALOAD,AMG_Deep_In_My_Ass_Please_01.mp4,1,,
All Media Group,PORNMEGALOAD,AMG_Deep_In_My_Ass_Please_02.mp4,1,,
All Media Group,PORNMEGALOAD,AMG_Do_You_Wanna_Fuck_My_Ass_01.mp4,1,,
All Media Group,PORNMEGALOAD,AMG_Do_You_Wanna_Fuck_My_Ass_03.mp4,1,,
All Media Group,PORNMEGALOAD,AMG_Do_You_Wanna_Fuck_My_Ass_04.mp4,1,,
All Media Group,PORNMEGALOAD,AMG_Dont_Tell_We_Fucked_02.mp4,1,,
All Media Group,PORNMEGALOAD,AMG_Holy_Fucking_Tits_32380_Anastasia.mp4,1,,
All Media Group,PORNMEGALOAD,AMG_Im_Just_19_02.mp4,1,,
All Media Group,PORNMEGALOAD,AMG_Im_Just_19_04.mp4,1,,
All Media Group,PORNMEGALOAD,AMG_MILF_Facials_36847_Katlynn_Keys.mp4,1,,
All Media Group,PORNMEGALOAD,AMG_MILFs-Of_Prague_03.mp4,1,,
All Media Group,PORNMEGALOAD,AMG_MILFs-Of_Prague_04.mp4,1,,
All Media Group,PORNMEGALOAD,AMG_MILFs-With_Ass_03.mp4,1,,
All Media Group,PORNMEGALOAD,AMG_My_Debut_on_Dick_01.mp4,1,,
All Media Group,PORNMEGALOAD,AMG_My_Debut_on_Dick_02.mp4,1,,
All Media Group,PORNMEGALOAD,AMG_My_Debut_on_Dick_03.mp4,1,,
All Media Group,PORNMEGALOAD,AMG_My_Debut_on_Dick_04.mp4,1,,
All Media Group,PORNMEGALOAD,AMG_Natty_MILF_Mega_Tits_02.mp4,1,,
All Media Group,PORNMEGALOAD,AMG_Natty_MILF_Mega_Tits_04.mp4,1,,
All Media Group,PORNMEGALOAD,AMG_PornMegaLoad_55_Busty_Anal_GILFs_01.mp4,1,,
All Media Group,PORNMEGALOAD,AMG_PornMegaLoad_55_Busty_Anal_GILFs_02.mp4,1,,
All Media Group,PORNMEGALOAD,AMG_PornMegaLoad_55_Busty_Anal_GILFs_04.mp4,1,,
All Media Group,PORNMEGALOAD,AMG_PornMegaLoad_Big_Tit_MILF_Squirters_01.mp4,1,,
All Media Group,PORNMEGALOAD,AMG_PornMegaLoad_Cum_Inside_50YO_Trophy_Wives_01.mp4,1,,
All Media Group,PORNMEGALOAD,AMG_PornMegaLoad_Cum_Inside_50YO_Trophy_Wives_03.mp4,1,,
All Media Group,PORNMEGALOAD,AMG_PornMegaLoad_DD_MILFs_DPed_01.mp4,1,,
All Media Group,PORNMEGALOAD,AMG_Put_It_In_My_Ass_MILF_Anal_35815_Dee_Williams.mp4,1,,
All Media Group,SCORE,AMG_PIX1310D_Teens_Can_Squirt_Too_01.mp4,1,,
All Media Group,SCORE,AMG_PIX1310D_Teens_Can_Squirt_Too_03.mp4,1,,
All Media Group,SCORE,AMG_PIX1310D_Teens_Can_Squirt_Too_05.mp4,1,,
All Media Group,SCORE,AMG_PIX1327D_BackDoor_Brats_3_02.mp4,1,,
All Media Group,SCORE,AMG_PIX1327D_BackDoor_Brats_3_04.mp4,1,,
All Media Group,SCORE,AMG_PIX1327D_BackDoor_Brats_3_05.mp4,1,,
All Media Group,SCORE,AMG_PIX1330D_Did_you_see_me_squirt_01.mp4,1,,
All Media Group,SCORE,AMG_PIX1330D_Did_you_see_me_squirt_04.mp4,1,,
All Media Group,SCORE,AMG_PIX1330D_Did_you_see_me_squirt_05.mp4,1,,
All Media Group,SCORE,AMG_PIX1356_The_Dirtiest_Naturals_07.mp4,1,,
All Media Group,SCORE,AMG_PIX1356_The_Dirtiest_Naturals_08.mp4,1,,
All Media Group,SCORE,AMG_Score_PIX1361D_Teens_in_Need_2_01.mp4,1,,
All Media Group,SCORE,AMG_Score_PIX1361D_Teens_in_Need_2_03.mp4,1,49 SCENES,PORNMEGALOAD
All Media Group,SCORE,AMG_Score_PIX1361D_Teens_in_Need_2_04.mp4,1,16 SCENES,SCORE
All Media Group,SCORE,AMG_Score_PIX1361D_Teens_in_Need_2_05.mp4,1,65 SCENES,TOTAL TO QUAD INT'L
All Media Group,SCORE,AMG_Score_VD621D_Naughty_School_Girls_01.mp4,1,,
All Media Group,REBECCA LORD,AMG_RebeccaLord_Hitch_02.mp4,1,,
All Media Group,REBECCA LORD,AMG_RebeccaLord_Maid_Rules_01.mp4,1,,
All Media Group,REBECCA LORD,AMG_RebeccaLord_Naughty_Sitters_02.mp4,1,,
All Media Group,REBECCA LORD,AMG_RebeccaLord_Naughty_Sitters_04.mp4,1,4 SCENES,REBECCA LORD
All Media Group,SUGARBABES,AMG_Dolly_Dyson_GANG_BANG_TV.mp4,1,,
All Media Group,SUGARBABES,AMG_Spa_DAy_TV.mp4,1,2 SCENES,SUGARBABES
All Media Group,THIRD ROCK ENTERPRISES,AMG_group_sex_anal_party_whores_analized_GSAPW_02.mp4,1,,
All Media Group,THIRD ROCK ENTERPRISES,AMG_Slutty_Step_Daughters_12_01.mp4,1,,
All Media Group,THIRD ROCK ENTERPRISES,AMG_The_Anal_Authority_Abella_Danger_02.mp4,1,,
All Media Group,THIRD ROCK ENTERPRISES,AMG_The_Anal_Authority_Abella_Danger_04.mp4,1,,
All Media Group,THIRD ROCK ENTERPRISES,AMG_Thick_Butts_on_Horny_Sluts_2_01.mp4,1,,
All Media Group,THIRD ROCK ENTERPRISES / DTF SLUTS,AMG_Supreme_MILF-Pussy_DTFSluts_01.mp4,1,,
All Media Group,THIRD ROCK ENTERPRISES / DTF SLUTS,AMG_Supreme_MILF-Pussy_DTFSluts_03.mp4,1,7 SCENES,THIRD ROCK
All Media Group,TYJAM,AMG_3Some_amina_2_TV.mp4,1,,
All Media Group,TYJAM,AMG_A_porn_movie_for_Rachele_Richey_before_to_open_her_beauty_institute.mp4,1,,
All Media Group,TYJAM,AMG_Gisha_Forza_a_young_woman_as_shy_as_naughty.mp4,1,,
All Media Group,TYJAM,AMG_hardcore_ivana_TV.mp4,1,,
All Media Group,TYJAM,AMG_Kink&Fetish_eva_TV.mp4,1,,
All Media Group,TYJAM,AMG_MILF_subil_arch_tyjam_TV.mp4,1,,
All Media Group,TYJAM,AMG_The_double_for_Alex_Harper.mp4,1,,
All Media Group,TYJAM,AMG_Tyjam_A_porn_movie_for_Rachele_Richey_before_to_open_her_beauty_institute.mp4,1,,
All Media Group,TYJAM,AMG_Tyjam_Gisha_Forza_a_young_woman_as_shy_as_naughty.mp4,1,,
All Media Group,TYJAM,AMG_Tyjam_Isabella_Clarkes_anal_madnesses.mp4,1,,
All Media Group,TYJAM,AMG_Tyjam_Lilu_Moon_and_Kira_Roller_two_impertinent_young_girls.mp4,1,,
All Media Group,TYJAM,AMG_Tyjam_Shelley_Bliss_first_anal_session.mp4,1,,
All Media Group,TYJAM,AMG_Tyjam_The_ass_of_Amirah_Adara_is_close_to_perfection.mp4,1,,
All Media Group,TYJAM,AMG_Tyjam_The_sensual_meeting_between_Marie_Larose_and_Verona_Sky.mp4,1,,
All Media Group,TYJAM,AMG_Tyjam_The_wonderful_body_of_Aubrey_Black_44_years_old.mp4,1,15 SCENES,TYJAM
,,,168,SCENES TOTAL,
,,Jun-25,"975,26",EUROS TOTAL,
,,,5.80511,PER SCENE,
,,,,,
,,,,,
,,,,,
,,,,,
,,,,,
,,,,,
,,,,,
,,,,,
,,,,,
,,,,,
,,,,,
,,,,,
,,,,,
,,,,,
,,,,,
,,,,,
,,,,,
,,,,,
,,,,,
,,,,,
,,,,,
,,,,,
,,,,,
,,,,,
,,,,,
,,,,,
,,,,,
,,,,,
,,,,,
,,,,,
,,,,,
,,,,,
,,,,,
,,,,,
,,,,,
,,,,,
,,,,,
,,,,,
,,,,,
,,,,,
,,,,,
,,,,,
,,,,,
,,,,,
,,,,,
,,,,,
,,,,,
,,,,,
,,,,,
,,,,,
,,,,,
,,,,,
,,,,,
,,,,,
,,,,,
,,,,,
,,,,,
,,,,,
,,,,,
,,,,,
,,,,,
,,,,,
,,,,,
,,,,,
,,,,,
,,,,,
,,,,,
,,,,,
,,,,,
,,,,,
,,,,,
,,,,,
,,,,,
,,,,,
,,,,,
,,,,,
,,,,,
,,,,,
,,,,,
,,,,,
,,,,,
,,,,,
,,,,,
,,,,,
,,,,,
,,,,,
,,,,,
,,,,,
,,,,,
,,,,,
,,,,,
,,,,,
,,,,,
,,,,,
,,,,,
,,,,,
,,,,,
,,,,,
,,,,,
,,,,,
,,,,,
,,,,,
,,,,,
,,,,,
,,,,,
,,,,,
,,,,,
,,,,,
,,,,,
,,,,,
,,,,,
,,,,,
,,,,,
,,,,,
,,,,,
,,,,,
,,,,,
,,,,,
,,,,,
,,,,,
,,,,,
,,,,,
,,,,,
,,,,,
,,,,,
,,,,,
,,,,,
,,,,,
,,,,,
,,,,,
,,,,,
,,,,,
,,,,,
,,,,,
,,,,,
,,,,,
,,,,,
,,,,,
,,,,,
,,,,,
,,,,,
,,,,,
,,,,,
,,,,,
,,,,,
,,,,,
,,,,,
,,,,,
,,,,,
,,,,,
,,,,,
,,,,,
,,,,,
,,,,,
,,,,,
,,,,,
,,,,,
,,,,,
,,,,,
,,,,,
,,,,,
,,,,,
,,,,,
,,,,,
,,,,,
,,,,,
,,,,,
,,,,,
,,,,,
,,,,,
,,,,,
,,,,,
,,,,,
,,,,,
,,,,,
,,,,,
,,,,,
,,,,,
,,,,,
,,,,,
,,,,,
,,,,,
,,,,,
,,,,,
,,,,,
,,,,,
,,,,,
,,,,,
,,,,,
,,,,,
,,,,,
,,,,,
,,,,,
,,,,,
,,,,,
,,,,,
,,,,,
,,,,,
,,,,,
,,,,,
,,,,,
,,,,,
,,,,,
,,,,,
,,,,,
,,,,,
,,,,,
,,,,,
,,,,,
,,,,,
,,,,,
,,,,,
,,,,,
,,,,,
,,,,,
,,,,,
,,,,,
,,,,,
,,,,,
,,,,,
,,,,,
,,,,,
,,,,,
,,,,,
,,,,,
,,,,,
,,,,,
,,,,,
,,,,,
,,,,,
,,,,,
,,,,,
,,,,,
,,,,,
,,,,,
,,,,,
,,,,,
,,,,,
,,,,,
,,,,,
,,,,,
,,,,,
,,,,,
,,,,,
,,,,,
,,,,,
,,,,,
,,,,,
,,,,,
,,,,,
,,,,,
,,,,,
,,,,,
,,,,,
,,,,,
,,,,,
,,,,,
,,,,,
,,,,,
,,,,,
,,,,,
,,,,,
,,,,,
,,,,,
,,,,,
,,,,,
,,,,,
,,,,,
,,,,,
,,,,,
,,,,,
,,,,,
,,,,,
,,,,,
,,,,,
,,,,,
,,,,,
,,,,,
,,,,,
,,,,,
,,,,,
,,,,,
,,,,,
,,,,,
,,,,,
,,,,,
,,,,,
,,,,,
,,,,,
,,,,,
,,,,,
,,,,,
,,,,,
,,,,,
,,,,,
,,,,,
,,,,,
,,,,,
,,,,,
,,,,,
,,,,,
,,,,,
,,,,,
,,,,,
,,,,,
,,,,,
,,,,,
,,,,,
,,,,,
,,,,,
,,,,,
,,,,,
,,,,,
,,,,,
,,,,,
,,,,,
,,,,,
,,,,,
,,,,,
,,,,,
,,,,,
,,,,,
,,,,,
,,,,,
,,,,,
,,,,,
,,,,,
,,,,,
,,,,,
,,,,,
,,,,,
,,,,,
,,,,,
,,,,,
,,,,,
,,,,,
,,,,,
,,,,,
,,,,,
,,,,,
,,,,,
,,,,,
,,,,,
,,,,,
,,,,,
,,,,,
,,,,,
,,,,,
,,,,,
,,,,,
,,,,,
,,,,,
,,,,,
,,,,,
,,,,,
,,,,,
,,,,,
,,,,,
,,,,,
,,,,,
,,,,,
,,,,,
,,,,,
,,,,,
,,,,,
,,,,,
,,,,,
,,,,,
,,,,,
,,,,,
,,,,,
,,,,,
,,,,,
,,,,,
,,,,,
,,,,,
,,,,,
,,,,,
,,,,,
,,,,,
,,,,,
,,,,,
,,,,,
,,,,,
,,,,,
,,,,,
,,,,,
,,,,,
,,,,,
,,,,,
,,,,,
,,,,,
,,,,,
,,,,,
,,,,,
,,,,,
,,,,,
,,,,,
,,,,,
,,,,,
,,,,,
,,,,,
,,,,,
,,,,,
,,,,,
,,,,,
,,,,,
,,,,,
,,,,,
,,,,,
,,,,,
,,,,,
,,,,,
,,,,,
,,,,,
,,,,,
,,,,,
,,,,,
,,,,,
,,,,,
,,,,,
,,,,,
,,,,,
,,,,,
,,,,,
,,,,,
,,,,,
,,,,,
,,,,,
,,,,,
,,,,,
,,,,,
,,,,,
,,,,,
,,,,,
,,,,,
,,,,,
,,,,,
,,,,,
,,,,,
,,,,,
,,,,,
,,,,,
,,,,,
,,,,,
,,,,,
,,,,,
,,,,,
,,,,,
,,,,,
,,,,,
,,,,,
,,,,,
,,,,,
,,,,,
,,,,,
,,,,,
,,,,,
,,,,,
,,,,,
,,,,,
,,,,,
,,,,,
,,,,,
,,,,,
,,,,,
,,,,,
,,,,,
,,,,,
,,,,,
,,,,,
,,,,,
,,,,,
,,,,,
,,,,,
,,,,,
,,,,,
,,,,,
,,,,,
,,,,,
,,,,,
,,,,,
,,,,,
,,,,,
,,,,,
,,,,,
,,,,,
,,,,,
,,,,,
,,,,,
,,,,,
,,,,,
,,,,,
,,,,,
,,,,,
,,,,,
,,,,,
,,,,,
,,,,,
,,,,,
,,,,,
,,,,,
,,,,,
,,,,,
,,,,,
,,,,,
,,,,,
,,,,,
,,,,,
,,,,,
,,,,,
,,,,,
,,,,,
,,,,,
,,,,,
,,,,,
,,,,,
,,,,,
,,,,,
,,,,,
,,,,,
,,,,,
,,,,,
,,,,,
,,,,,
,,,,,
,,,,,
,,,,,
,,,,,
,,,,,
,,,,,
,,,,,
,,,,,
,,,,,
,,,,,
,,,,,
,,,,,
,,,,,
,,,,,
,,,,,
,,,,,
,,,,,
,,,,,
,,,,,
,,,,,
,,,,,
,,,,,
,,,,,
,,,,,
,,,,,
,,,,,
,,,,,
,,,,,
,,,,,
,,,,,
,,,,,
,,,,,
,,,,,
,,,,,
,,,,,
,,,,,
,,,,,
,,,,,
,,,,,
,,,,,
,,,,,
,,,,,
,,,,,
,,,,,
,,,,,
,,,,,
,,,,,
,,,,,
,,,,,
,,,,,
,,,,,
,,,,,
,,,,,
,,,,,
,,,,,
,,,,,
,,,,,
,,,,,
,,,,,
,,,,,
,,,,,
,,,,,
,,,,,
,,,,,
,,,,,
,,,,,
,,,,,
,,,,,
,,,,,
,,,,,
,,,,,
,,,,,
,,,,,
,,,,,
,,,,,
,,,,,
,,,,,
,,,,,
,,,,,
,,,,,
,,,,,
,,,,,
,,,,,
,,,,,
,,,,,
,,,,,
,,,,,
,,,,,
,,,,,
,,,,,
,,,,,
,,,,,
,,,,,
,,,,,
,,,,,
,,,,,
,,,,,
,,,,,
,,,,,
,,,,,
,,,,,
,,,,,
,,,,,
,,,,,
,,,,,
,,,,,
,,,,,
,,,,,
,,,,,
,,,,,
,,,,,
,,,,,
,,,,,
,,,,,
,,,,,
,,,,,
,,,,,
,,,,,
,,,,,
,,,,,
,,,,,
,,,,,
,,,,,
,,,,,
,,,,,
,,,,,
,,,,,
,,,,,
,,,,,
,,,,,
,,,,,
,,,,,
,,,,,
,,,,,
,,,,,
,,,,,
,,,,,
,,,,,
,,,,,
,,,,,
,,,,,
,,,,,
,,,,,
,,,,,
,,,,,
,,,,,
,,,,,
,,,,,
,,,,,
,,,,,
,,,,,
,,,,,
,,,,,
,,,,,
,,,,,
,,,,,
,,,,,
,,,,,
,,,,,
,,,,,
,,,,,
,,,,,
,,,,,
,,,,,
,,,,,
,,,,,
,,,,,
,,,,,
,,,,,
,,,,,
,,,,,
,,,,,
,,,,,
,,,,,
,,,,,
,,,,,
,,,,,
,,,,,
,,,,,
,,,,,
,,,,,
,,,,,
,,,,,
,,,,,
,,,,,
,,,,,
,,,,,
,,,,,
,,,,,
,,,,,
,,,,,
,,,,,
,,,,,
,,,,,
,,,,,
,,,,,
,,,,,
,,,,,
,,,,,
,,,,,
,,,,,
,,,,,
,,,,,
,,,,,
,,,,,
,,,,,
,,,,,
,,,,,
,,,,,
,,,,,
,,,,,
,,,,,
,,,,,
,,,,,
,,,,,
,,,,,
,,,,,
,,,,,
,,,,,
,,,,,
,,,,,
,,,,,
,,,,,
,,,,,
,,,,,
,,,,,
,,,,,
,,,,,
,,,,,
,,,,,
,,,,,
,,,,,
,,,,,
,,,,,
,,,,,
,,,,,
,,,,,
,,,,,
,,,,,
,,,,,
,,,,,
,,,,,
,,,,,
,,,,,
,,,,,
,,,,,
,,,,,
,,,,,
,,,,,
,,,,,
,,,,,
,,,,,
,,,,,
,,,,,
,,,,,
,,,,,
,,,,,
,,,,,
,,,,,
,,,,,
,,,,,
,,,,,
,,,,,
,,,,,
,,,,,
,,,,,
,,,,,
,,,,,
,,,,,
,,,,,
,,,,,
,,,,,
,,,,,
,,,,,
,,,,,
,,,,,
,,,,,
,,,,,
,,,,,
,,,,,
,,,,,
,,,,,
,,,,,
,,,,,
,,,,,
,,,,,
,,,,,
,,,,,
,,,,,
,,,,,
,,,,,
,,,,,
,,,,,
,,,,,
,,,,,
,,,,,
,,,,,
,,,,,
,,,,,
,,,,,
,,,,,
,,,,,
,,,,,
,,,,,
